Z,Element,Nuclide,Half-life,Decay mode,Alpha,Electron,Photon,Total,Daughter Products
1,Hydrogen,H-3,12.32 y,B-,–,0.005,–,0.0057,{'He-3': 1.0}
4,Beryllium,Be-7,53.22 d,EC,–,<E-04,0.0499,0.0499,{'Li-7': 1.0}
4,Beryllium,Be-10,1.51E+6 y,B-,–,0.2525,–,0.2525,{'B-10': 1.0}
6,Carbon,C-10,19.255 s,ECB+,–,0.8087,1.7443,2.5531,{'B-10': 1.0}
6,Carbon,C-11,20.39 m,ECB+,–,0.3847,1.0196,1.4043,{'B-11': 1.0}
6,Carbon,C-14,5.70E+3 y,B-,–,0.0495,–,0.0495,{'N-14': 1.0}
7,Nitrogen,N-13,9.965 m,ECB+,–,0.4909,1.02,1.5109,{'C-13': 1.0}
7,Nitrogen,N-16,7.13 s,B-,–,2.7646,4.4932,7.2579,{'O-16': 1.0}
8,Oxygen,O-14,70.606 s,ECB+,–,0.7763,3.3201,4.0965,{'N-14': 1.0}
8,Oxygen,O-15,122.24 s,ECB+,–,0.7347,1.021,1.7557,{'N-15': 1.0}
8,Oxygen,O-19,26.464 s,B-,–,1.7608,0.9397,2.7006,{'F-19': 1.0}
9,Fluorine,F-17,64.49 s,ECB+,–,0.7385,1.0208,1.7593,{'O-17': 1.0}
9,Fluorine,F-18,109.77 m,ECB+,–,0.2416,0.9886,1.2302,{'O-18': 1.0}
10,Neon,Ne-19,17.22 s,ECB+,–,0.9624,1.021,1.9834,{'F-19': 1.0}
10,Neon,Ne-24,3.38 m,B-,–,0.8035,0.5419,1.3455,{'Na-24': 1.0}
11,Sodium,Na-22,2.6019 y,ECB+,–,0.1941,2.1926,2.3866,{'Ne-22': 1.0}
11,Sodium,Na-24,14.9590 h,B-,–,0.5538,4.1232,4.677,{'Mg-24': 1.0}
12,Magnesium,Mg-27,9.458 m,B-,–,0.7021,0.8912,1.5933,{'Al-27': 1.0}
12,Magnesium,Mg-28,20.915 h,B-,–,0.161,1.37,1.531,{'Al-28': 1.0}
13,Aluminium,Al-26,7.17E+5 y,ECB+,–,0.4444,2.6751,3.1195,{'Mg-26': 1.0}
13,Aluminium,Al-28,2.2414 m,B-,–,1.2417,1.7789,3.0205,{'Si-28': 1.0}
13,Aluminium,Al-29,6.56 m,B-,–,0.9764,1.3794,2.3558,{'Si-29': 1.0}
14,Silicon,Si-31,157.3 m,B-,–,0.5949,0.0009,0.5957,{'P-31': 1.0}
14,Silicon,Si-32,132 y,B-,–,0.0686,–,0.0686,{'P-32': 1.0}
15,Phosphorus,P-30,2.498 m,ECB+,–,1.4389,1.0222,2.461,{'Si-30': 1.0}
15,Phosphorus,P-32,14.263 d,B-,–,0.6948,–,0.6948,{'S-32': 1.0}
15,Phosphorus,P-33,25.34 d,B-,–,0.0764,–,0.0764,{'S-33': 1.0}
16,Sulphur,S-35,87.51 d,B-,–,0.0487,–,0.0487,{'Cl-35': 1.0}
16,Sulphur,S-37,5.05 m,B-,–,0.7998,2.9311,3.7309,{'Cl-37': 1.0}
16,Sulphur,S-38,170.3 m,B-,–,0.4898,1.6953,2.1851,{'Cl-38': 1.0}
17,Chlorine,Cl-34,1.5264 s,ECB+,–,2.0508,1.0212,3.072,{'S-34': 1.0}
17,Chlorine,Cl-34m,32.00 m,ECB+IT,–,0.4596,2.1127,2.5722,"{'Cl-34': 0.446, 'S-34': 0.554}"
17,Chlorine,Cl-36,3.01E+5 y,B-ECB+,–,0.2732,0.0001,0.2733,"{'Ar-36': 0.981, 'S-36': 0.019}"
17,Chlorine,Cl-38,37.24 m,B-,–,1.5504,1.443,2.9934,{'Ar-38': 1.0}
17,Chlorine,Cl-39,55.6 m,B-,–,0.8246,1.4509,2.2755,{'Ar-39': 1.0}
17,Chlorine,Cl-40,1.35 m,B-,–,1.5265,4.0821,5.6085,{'Ar-40': 1.0}
18,Argon,Ar-37,35.04 d,EC,–,0.0023,0.0003,0.0025,{'Cl-37': 1.0}
18,Argon,Ar-39,269 y,B-,–,0.2188,–,0.2188,{'K-39': 1.0}
18,Argon,Ar-41,109.61 m,B-,–,0.4637,1.2836,1.7474,{'K-41': 1.0}
18,Argon,Ar-42,32.9 y,B-,–,0.2325,–,0.2325,{'K-42': 1.0}
18,Argon,Ar-43,5.37 m,B-,–,1.357,1.5352,2.8921,{'K-43': 1.0}
18,Argon,Ar-44,11.87 m,B-,–,0.5245,1.9376,2.4621,{'K-44': 1.0}
19,Potassium,K-38,7.636 m,ECB+,–,1.2107,3.1867,4.3974,{'Ar-38': 1.0}
19,Potassium,K-40,1.251E+9 y,B-ECB+,–,0.5218,0.1567,0.6785,"{'Ca-40': 0.8914, 'Ar-40': 0.1086}"
19,Potassium,K-42,12.360 h,B-,–,1.4303,0.2787,1.709,{'Ca-42': 1.0}
19,Potassium,K-43,22.3 h,B-,–,0.3097,0.9641,1.2739,{'Ca-43': 1.0}
19,Potassium,K-44,22.13 m,B-,–,1.4567,2.3846,3.8413,{'Ca-44': 1.0}
19,Potassium,K-45,17.3 m,B-,–,0.9959,1.836,2.8319,{'Ca-45': 1.0}
19,Potassium,K-46,105 s,B-,–,2.3161,2.871,5.1871,{'Ca-46': 1.0}
20,Calcium,Ca-41,1.02E+5 y,EC,–,0.0027,0.0005,0.0032,{'K-41': 1.0}
20,Calcium,Ca-45,162.67 d,B-,–,0.0772,<E-04,0.0772,{'Sc-45': 1.0}
20,Calcium,Ca-47,4.536 d,B-,–,0.3521,1.0521,1.4042,{'Sc-47': 1.0}
20,Calcium,Ca-49,8.718 m,B-,–,0.8693,3.1675,4.0369,{'Sc-49': 1.0}
21,Scandium,Sc-42m,62.0 s,ECB+,–,1.2565,4.2042,5.4607,{'Ca-42': 1.0}
21,Scandium,Sc-43,3.891 h,ECB+,–,0.4195,0.9841,1.4035,{'Ca-43': 1.0}
21,Scandium,Sc-44,3.97 h,ECB+,–,0.5961,2.1369,2.733,{'Ca-44': 1.0}
21,Scandium,Sc-44m,58.61 h,ITEC,–,0.0328,0.2743,0.3071,"{'Sc-44': 0.988, 'Ca-44': 0.012}"
21,Scandium,Sc-46,83.79 d,B-,–,0.1121,2.0096,2.1217,{'Ti-46': 1.0}
21,Scandium,Sc-47,3.3492 d,B-,–,0.1624,0.1089,0.2713,{'Ti-47': 1.0}
21,Scandium,Sc-48,43.67 h,B-,–,0.2216,3.3529,3.5744,{'Ti-48': 1.0}
21,Scandium,Sc-49,57.2 m,B-,–,0.8177,0.001,0.8188,{'Ti-49': 1.0}
21,Scandium,Sc-50,102.5 s,B-,–,1.6362,3.2022,4.8384,{'Ti-50': 1.0}
22,Titanium,Ti-44,60.0 y,EC,–,0.0108,0.1396,0.1504,{'Sc-44': 1.0}
22,Titanium,Ti-45,184.8 m,ECB+,–,0.3728,0.8703,1.2431,{'Sc-45': 1.0}
22,Titanium,Ti-51,5.76 m,B-,–,0.8692,0.3692,1.2383,{'V-51': 1.0}
22,Titanium,Ti-52,1.7 m,B-,–,0.753,0.1282,0.8812,{'V-52': 1.0}
23,Vanadium,V-47,32.6 m,ECB+,–,0.8027,0.9951,1.7978,{'Ti-47': 1.0}
23,Vanadium,V-48,15.9735 d,ECB+,–,0.1526,2.914,3.0666,{'Ti-48': 1.0}
23,Vanadium,V-49,330 d,EC,–,0.0035,0.0009,0.0045,{'Ti-49': 1.0}
23,Vanadium,V-50,1.50E+17 y,ECB-,–,0.0158,1.4235,1.4393,"{'Ti-50': 0.83, 'Cr-50': 0.17}"
23,Vanadium,V-52,3.743 m,B-,–,1.0684,1.4449,2.5133,{'Cr-52': 1.0}
23,Vanadium,V-53,1.61 m,B-,–,1.0048,1.0382,2.043,{'Cr-53': 1.0}
24,Chromium,Cr-48,21.56 h,ECB+,–,0.0086,0.4363,0.4449,{'V-48': 1.0}
24,Chromium,Cr-49,42.3 m,ECB+,–,0.6047,1.0538,1.6584,{'V-49': 1.0}
24,Chromium,Cr-51,27.7025 d,EC,–,0.0038,0.0329,0.0367,{'V-51': 1.0}
24,Chromium,Cr-55,3.497 m,B-,–,1.1007,0.0007,1.1013,{'Mn-55': 1.0}
24,Chromium,Cr-56,5.94 m,B-,–,0.6083,0.0918,0.7,{'Mn-56': 1.0}
25,Manganese,Mn-50m,1.75 m,ECB+,–,1.5243,4.6397,6.164,{'Cr-50': 1.0}
25,Manganese,Mn-51,46.2 m,ECB+,–,0.9344,0.9977,1.9321,{'Cr-51': 1.0}
25,Manganese,Mn-52m,21.1 m,ECB+IT,–,1.1321,2.4086,3.5407,"{'Mn-52': 0.0175, 'Cr-52': 0.9825}"
25,Manganese,Mn-52,5.591 d,ECB+,–,0.075,3.4585,3.5335,{'Cr-52': 1.0}
25,Manganese,Mn-53,3.7E+6 y,EC,–,0.004,0.0014,0.0053,{'Cr-53': 1.0}
25,Manganese,Mn-54,312.12 d,ECB+B-,–,0.0042,0.836,0.8402,"{'Cr-54': 1.0, 'Fe-54': 2.9e-06}"
25,Manganese,Mn-56,2.5789 h,B-,–,0.8299,1.6916,2.5215,{'Fe-56': 1.0}
25,Manganese,Mn-57,85.4 s,B-,–,1.1013,0.0996,1.2009,{'Fe-57': 1.0}
25,Manganese,Mn-58m,65.2 s,B-,–,1.7443,2.3854,4.1297,{'Fe-58': 1.0}
26,Iron,Fe-52,8.275 h,ECB+,–,0.1917,0.7405,0.9322,{'Mn-52m': 1.0}
26,Iron,Fe-53,8.51 m,ECB+,–,1.1013,1.1782,2.2795,{'Mn-53': 1.0}
26,Iron,Fe-53m,2.526 m,IT,–,0.0023,3.0547,3.057,{'Fe-53': 1.0}
26,Iron,Fe-55,2.737 y,EC,–,0.0042,0.0017,0.0058,{'Mn-55': 1.0}
26,Iron,Fe-59,44.495 d,B-,–,0.1179,1.1883,1.3062,{'Co-59': 1.0}
26,Iron,Fe-60,1.5E+6 y,B-,–,0.0647,–,0.0647,{'Co-60m': 1.0}
26,Iron,Fe-61,5.98 m,B-,–,1.0934,1.391,2.4844,{'Co-61': 1.0}
26,Iron,Fe-62,68 s,B-,–,0.8258,0.5061,1.3319,{'Co-62': 1.0}
27,Cobalt,Co-54m,1.48 m,ECB+,–,2.0484,3.9306,5.979,{'Fe-54': 1.0}
27,Cobalt,Co-55,17.53 h,ECB+,–,0.4312,1.996,2.4272,{'Fe-55': 1.0}
27,Cobalt,Co-56,77.23 d,ECB+,–,0.1198,3.6404,3.7602,{'Fe-56': 1.0}
27,Cobalt,Co-57,271.74 d,EC,–,0.0186,0.1252,0.1439,{'Fe-57': 1.0}
27,Cobalt,Co-58,70.86 d,ECB+,–,0.034,0.9749,1.0089,{'Fe-58': 1.0}
27,Cobalt,Co-58m,9.04 h,IT,–,0.0229,0.002,0.0249,{'Co-58': 1.0}
27,Cobalt,Co-60,5.2713 y,B-,–,0.0969,2.5038,2.6007,{'Ni-60': 1.0}
27,Cobalt,Co-60m,10.467 m,ITB-,–,0.0565,0.0067,0.0632,"{'Co-60': 0.9976, 'Ni-60': 0.0024}"
27,Cobalt,Co-61,1.650 h,B-,–,0.4664,0.097,0.5634,{'Ni-61': 1.0}
27,Cobalt,Co-62,1.50 m,B-,–,1.6336,1.605,3.2386,{'Ni-62': 1.0}
27,Cobalt,Co-62m,13.91 m,B-,–,1.0974,2.6923,3.7897,{'Ni-62': 1.0}
28,Nickel,Ni-56,6.075 d,ECB+,–,0.0073,1.7207,1.728,{'Co-56': 1.0}
28,Nickel,Ni-57,35.60 h,ECB+,–,0.1571,1.9382,2.0953,{'Co-57': 1.0}
28,Nickel,Ni-59,1.01E+5 y,ECB+,–,0.0045,0.0024,0.0069,{'Co-59': 1.0}
28,Nickel,Ni-63,100.1 y,B-,–,0.0174,–,0.0174,{'Cu-63': 1.0}
28,Nickel,Ni-65,2.51719 h,B-,–,0.6277,0.5583,1.186,{'Cu-65': 1.0}
28,Nickel,Ni-66,54.6 h,B-,–,0.0734,–,0.0734,{'Cu-66': 1.0}
29,Copper,Cu-57,0.1963 s,ECB+,–,3.5987,1.1407,4.7394,{'Ni-57': 1.0}
29,Copper,Cu-59,81.5 s,ECB+,–,1.4892,1.4451,2.9342,{'Ni-59': 1.0}
29,Copper,Cu-60,23.7 m,ECB+,–,0.8975,3.9111,4.8087,{'Ni-60': 1.0}
29,Copper,Cu-61,3.333 h,ECB+,–,0.309,0.8237,1.1327,{'Ni-61': 1.0}
29,Copper,Cu-62,9.673 m,ECB+,–,1.2843,1.0069,2.2912,{'Ni-62': 1.0}
29,Copper,Cu-64,12.700 h,ECB+B-,–,0.1248,0.1855,0.3102,"{'Ni-64': 0.61, 'Zn-64': 0.39}"
29,Copper,Cu-66,5.120 m,B-,–,1.0664,0.0978,1.1642,{'Zn-66': 1.0}
29,Copper,Cu-67,61.83 h,B-,–,0.1504,0.1154,0.2657,{'Zn-67': 1.0}
29,Copper,Cu-69,2.85 m,B-,–,0.8863,0.5284,1.4147,{'Zn-69': 1.0}
30,Zinc,Zn-60,2.38 m,ECB+,–,1.1301,1.5282,2.6584,{'Cu-60': 1.0}
30,Zinc,Zn-61,89.1 s,ECB+,–,1.8571,1.5327,3.3898,{'Cu-61': 1.0}
30,Zinc,Zn-62,9.186 h,ECB+,–,0.0326,0.4431,0.4757,{'Cu-62': 1.0}
30,Zinc,Zn-63,38.47 m,ECB+,–,0.9204,1.0967,2.0171,{'Cu-63': 1.0}
30,Zinc,Zn-65,244.06 d,ECB+,–,0.0069,0.5819,0.5888,{'Cu-65': 1.0}
30,Zinc,Zn-69m,13.76 h,ITB-,–,0.0226,0.4162,0.4388,"{'Zn-69': 0.99967, 'Ga-69': 0.00033}"
30,Zinc,Zn-69,56.4 m,B-,–,0.3216,<E-04,0.3216,{'Ga-69': 1.0}
30,Zinc,Zn-71m,3.96 h,B-,–,0.543,1.5606,2.1037,{'Ga-71': 1.0}
30,Zinc,Zn-71,2.45 m,B-,–,1.0474,0.315,1.3624,{'Ga-71': 1.0}
30,Zinc,Zn-72,46.5 h,B-,–,0.1021,0.1519,0.2541,{'Ga-72': 1.0}
31,Gallium,Ga-64,2.627 m,ECB+,–,1.7031,3.3726,5.0756,{'Zn-64': 1.0}
31,Gallium,Ga-65,15.2 m,ECB+,–,0.8158,1.165,1.9808,{'Zn-65': 1.0}
31,Gallium,Ga-66,9.49 h,ECB+,–,0.9634,2.4944,3.4577,{'Zn-66': 1.0}
31,Gallium,Ga-67,3.2612 d,EC,–,0.0363,0.1595,0.1959,{'Zn-67': 1.0}
31,Gallium,Ga-68,67.71 m,ECB+,–,0.7379,0.9487,1.6866,{'Zn-68': 1.0}
31,Gallium,Ga-70,21.14 m,B-EC,–,0.6441,0.0073,0.6514,"{'Ge-70': 0.9959, 'Zn-70': 0.0041}"
31,Gallium,Ga-72,14.10 h,B-,–,0.506,2.7071,3.2131,{'Ge-72': 1.0}
31,Gallium,Ga-73,4.86 h,B-,–,0.4999,0.352,0.8519,{'Ge-73': 1.0}
31,Gallium,Ga-74,8.12 m,B-,–,0.9945,3.154,4.1486,{'Ge-74': 1.0}
32,Germanium,Ge-66,2.26 h,ECB+,–,0.0984,0.678,0.7764,{'Ga-66': 1.0}
32,Germanium,Ge-67,18.9 m,ECB+,–,1.1688,1.4254,2.5942,{'Ga-67': 1.0}
32,Germanium,Ge-68,270.95 d,EC,–,0.005,0.0041,0.0091,{'Ga-68': 1.0}
32,Germanium,Ge-69,39.05 h,ECB+,–,0.1203,0.9505,1.0708,{'Ga-69': 1.0}
32,Germanium,Ge-71,11.43 d,EC,–,0.005,0.0042,0.0092,{'Ga-71': 1.0}
32,Germanium,Ge-75,82.78 m,B-,–,0.4206,0.0352,0.4558,{'As-75': 1.0}
32,Germanium,Ge-77,11.30 h,B-,–,0.6493,1.0787,1.728,{'As-77': 1.0}
32,Germanium,Ge-78,88 m,B-,–,0.2273,0.2781,0.5053,{'As-78': 1.0}
33,Arsenic,As-68,151.6 s,ECB+,–,1.9985,3.7113,5.7097,{'Ge-68': 1.0}
33,Arsenic,As-69,15.23 m,ECB+,–,1.2182,1.1431,2.3613,{'Ge-69': 1.0}
33,Arsenic,As-70,52.6 m,ECB+,–,0.8799,4.2528,5.1327,{'Ge-70': 1.0}
33,Arsenic,As-71,65.28 h,ECB+,–,0.1167,0.5765,0.6932,{'Ge-71': 1.0}
33,Arsenic,As-72,26.0 h,ECB+,–,1.0409,1.7832,2.824,{'Ge-72': 1.0}
33,Arsenic,As-73,80.30 d,EC,–,0.0606,0.0159,0.0765,{'Ge-73': 1.0}
33,Arsenic,As-74,17.77 d,ECB+B-,–,0.2658,0.7582,1.0241,"{'Ge-74': 0.66, 'Se-74': 0.34}"
33,Arsenic,As-76,1.0778 d,B-,–,1.067,0.4166,1.4836,{'Se-76': 1.0}
33,Arsenic,As-77,38.83 h,B-,–,0.2258,0.0083,0.2342,{'Se-77': 1.0}
33,Arsenic,As-78,90.7 m,B-,–,1.246,1.3066,2.5525,{'Se-78': 1.0}
33,Arsenic,As-79,9.01 m,B-,–,0.8771,0.0338,0.9109,"{'Se-79m': 0.97188, 'Se-79': 0.028121}"
34,Selenium,Se-70,41.1 m,ECB+,–,0.2375,0.7211,0.9586,{'As-70': 1.0}
34,Selenium,Se-71,4.74 m,ECB+,–,1.3844,1.6056,2.99,{'As-71': 1.0}
34,Selenium,Se-72,8.40 d,EC,–,0.0228,0.0343,0.0571,{'As-72': 1.0}
34,Selenium,Se-73,7.15 h,ECB+,–,0.3871,1.0924,1.4795,{'As-73': 1.0}
34,Selenium,Se-73m,39.8 m,ITECB+,–,0.1642,0.2633,0.4275,"{'Se-73': 0.726, 'As-73': 0.274}"
34,Selenium,Se-75,119.779 d,EC,–,0.0144,0.389,0.4034,{'As-75': 1.0}
34,Selenium,Se-77m,17.36 s,IT,–,0.0737,0.0888,0.1625,{'Se-77': 1.0}
34,Selenium,Se-79,2.95E+5 y,B-,–,0.0529,–,0.0529,{'Br-79': 1.0}
34,Selenium,Se-79m,3.92 m,ITB-,–,0.082,0.0138,0.0957,"{'Se-79': 0.99944, 'Br-79': 0.00056}"
34,Selenium,Se-81,18.45 m,B-,–,0.6108,0.008,0.6188,{'Br-81': 1.0}
34,Selenium,Se-81m,57.28 m,ITB-,–,0.0871,0.0183,0.1054,"{'Se-81': 0.99948, 'Br-81': 0.00052}"
34,Selenium,Se-83,22.3 m,B-,–,0.4528,2.6254,3.0782,{'Br-83': 1.0}
34,Selenium,Se-83m,70.1 s,B-,–,1.257,0.9849,2.2419,{'Br-83': 1.0}
34,Selenium,Se-84,3.1 m,B-,–,0.5499,0.4202,0.9701,{'Br-84': 1.0}
35,Bromine,Br-72,78.6 s,ECB+,–,2.788,2.9624,5.7504,{'Se-72': 1.0}
35,Bromine,Br-73,3.4 m,ECB+,–,1.3434,1.4331,2.7765,"{'Se-73m': 0.99881, 'Se-73': 0.001192}"
35,Bromine,Br-74,25.4 m,ECB+,–,1.0616,4.613,5.6746,{'Se-74': 1.0}
35,Bromine,Br-74m,46 m,ECB+,–,1.2747,4.1467,5.4214,{'Se-74': 1.0}
35,Bromine,Br-75,96.7 m,ECB+,–,0.5283,1.1981,1.7263,{'Se-75': 1.0}
35,Bromine,Br-76,16.2 h,ECB+,–,0.6497,2.7933,3.443,{'Se-76': 1.0}
35,Bromine,Br-76m,1.31 s,ITECB+,–,0.069,0.0433,0.1123,"{'Br-76': 0.997, 'Se-76': 0.003}"
35,Bromine,Br-77,57.036 h,ECB+,–,0.0094,0.3209,0.3303,{'Se-77': 1.0}
35,Bromine,Br-77m,4.28 m,IT,–,0.0876,0.0197,0.1073,{'Br-77': 1.0}
35,Bromine,Br-78,6.46 m,ECB+B-,–,1.0235,1.0336,2.0571,"{'Se-78': 0.9999, 'Kr-78': 0.0001}"
35,Bromine,Br-80,17.68 m,B-ECB+,–,0.7247,0.0761,0.8007,"{'Kr-80': 0.917, 'Se-80': 0.083}"
35,Bromine,Br-80m,4.4205 h,IT,–,0.0617,0.0242,0.0859,{'Br-80': 1.0}
35,Bromine,Br-82,35.30 h,B-,–,0.1454,2.6389,2.7844,{'Kr-82': 1.0}
35,Bromine,Br-82m,6.13 m,ITB-,–,0.0704,0.0081,0.0785,"{'Br-82': 0.976, 'Kr-82': 0.024}"
35,Bromine,Br-83,2.40 h,B-,–,0.3258,0.0069,0.3326,"{'Kr-83m': 0.99845, 'Kr-83': 0.0015519}"
35,Bromine,Br-84,31.80 m,B-,–,1.2364,1.7595,2.9959,{'Kr-84': 1.0}
35,Bromine,Br-84m,6.0 m,B-,–,0.8983,2.7684,3.6667,{'Kr-84': 1.0}
35,Bromine,Br-85,2.90 m,B-,–,1.0384,0.066,1.1045,"{'Kr-85m': 0.99779, 'Kr-85': 0.0022112}"
36,Krypton,Kr-74,11.50 m,ECB+,–,0.6006,1.0579,1.6585,{'Br-74': 1.0}
36,Krypton,Kr-75,4.29 m,ECB+,–,1.543,1.28,2.823,{'Br-75': 1.0}
36,Krypton,Kr-76,14.8 h,EC,–,0.0154,0.4276,0.443,"{'Br-76': 0.99189, 'Br-76m': 0.0081144}"
36,Krypton,Kr-77,74.4 m,ECB+,–,0.6744,1.0384,1.7128,"{'Br-77': 0.90386, 'Br-77m': 0.096135}"
36,Krypton,Kr-79,35.04 h,ECB+,–,0.0237,0.2549,0.2786,{'Br-79': 1.0}
36,Krypton,Kr-81,2.29E+5 y,EC,–,0.0052,0.0072,0.0124,{'Br-81': 1.0}
36,Krypton,Kr-81m,13.10 s,ITEC,–,0.0596,0.1309,0.1905,"{'Kr-81': 0.99998, 'Br-81': 2.5e-05}"
36,Krypton,Kr-83m,1.83 h,IT,–,0.0388,0.0028,0.0416,{'Kr-83': 1.0}
36,Krypton,Kr-85,10.756 y,B-,–,0.2507,0.0022,0.2529,{'Rb-85': 1.0}
36,Krypton,Kr-85m,4.480 h,B-IT,–,0.2549,0.1574,0.4123,"{'Kr-85': 0.214, 'Rb-85': 0.786}"
36,Krypton,Kr-87,76.3 m,B-,–,1.3281,0.7919,2.1201,{'Rb-87': 1.0}
36,Krypton,Kr-88,2.84 h,B-,–,0.3689,1.9538,2.3227,{'Rb-88': 1.0}
36,Krypton,Kr-89,3.15 m,B-,–,1.3705,1.9313,3.3018,{'Rb-89': 1.0}
37,Rubidium,Rb-77,3.77 m,ECB+,–,1.6865,1.5452,3.2318,{'Kr-77': 1.0}
37,Rubidium,Rb-78,17.66 m,ECB+,–,1.2889,4.0918,5.3808,{'Kr-78': 1.0}
37,Rubidium,Rb-78m,5.74 m,ECB+IT,–,1.4992,3.2149,4.7141,"{'Rb-78': 0.1, 'Kr-78': 0.9}"
37,Rubidium,Rb-79,22.9 m,ECB+,–,0.8099,1.4493,2.2592,{'Kr-79': 1.0}
37,Rubidium,Rb-80,33.4 s,ECB+,–,2.0455,1.19,3.2355,{'Kr-80': 1.0}
37,Rubidium,Rb-81,4.576 h,ECB+,–,0.1222,0.5081,0.6304,"{'Kr-81m': 0.95691, 'Kr-81': 0.043091}"
37,Rubidium,Rb-81m,30.5 m,ITECB+,–,0.0817,0.0303,0.112,"{'Rb-81': 0.976, 'Kr-81': 0.023786, 'Kr-81m': 0.00021355}"
37,Rubidium,Rb-82,1.273 m,ECB+,–,1.4112,1.1083,2.5195,{'Kr-82': 1.0}
37,Rubidium,Rb-82m,6.472 h,ECB+,–,0.0935,2.9212,3.0147,{'Kr-82': 1.0}
37,Rubidium,Rb-83,86.2 d,EC,–,0.0083,0.4914,0.4997,"{'Kr-83m': 0.74292, 'Kr-83': 0.25708}"
37,Rubidium,Rb-84,32.77 d,ECB+B-,–,0.1633,0.9077,1.071,"{'Kr-84': 0.962, 'Sr-84': 0.038}"
37,Rubidium,Rb-84m,20.26 m,IT,–,0.0813,0.3831,0.4644,{'Rb-84': 1.0}
37,Rubidium,Rb-86,18.642 d,B-EC,–,0.668,0.093,0.761,"{'Sr-86': 0.99995, 'Kr-86': 5.2e-05}"
37,Rubidium,Rb-86m,1.017 m,IT,–,0.01,0.5461,0.5561,{'Rb-86': 1.0}
37,Rubidium,Rb-87,4.923E10 y,B-,–,0.1154,–,0.1154,{'Sr-87': 1.0}
37,Rubidium,Rb-88,17.78 m,B-,–,2.072,0.637,2.7089,{'Sr-88': 1.0}
37,Rubidium,Rb-89,15.15 m,B-,–,0.9528,2.243,3.1959,{'Sr-89': 1.0}
37,Rubidium,Rb-90,158 s,B-,–,2.0443,2.0286,4.0729,{'Sr-90': 1.0}
37,Rubidium,Rb-90m,258 s,B-IT,–,1.4104,3.2406,4.651,"{'Sr-90': 0.974, 'Rb-90': 0.026}"
38,Strontium,Sr-79,2.25 m,ECB+,–,1.8572,1.1801,3.0373,{'Rb-79': 1.0}
38,Strontium,Sr-80,106.3 m,ECB+,–,0.0418,0.4371,0.4789,{'Rb-80': 1.0}
38,Strontium,Sr-81,22.3 m,ECB+,–,0.9743,1.3866,2.3609,"{'Rb-81': 0.99856, 'Rb-81m': 0.0014422}"
38,Strontium,Sr-82,25.36 d,EC,–,0.0054,0.0079,0.0132,{'Rb-82': 1.0}
38,Strontium,Sr-83,32.41 h,ECB+,–,0.1604,0.8213,0.9817,{'Rb-83': 1.0}
38,Strontium,Sr-85,64.84 d,EC,–,0.0089,0.5001,0.509,{'Rb-85': 1.0}
38,Strontium,Sr-85m,67.63 m,ITECB+,–,0.013,0.2177,0.2307,"{'Sr-85': 0.866, 'Rb-85': 0.134}"
38,Strontium,Sr-87m,2.815 h,ITEC,–,0.0672,0.3202,0.3874,"{'Rb-87': 0.003, 'Sr-87': 0.997}"
38,Strontium,Sr-89,50.53 d,B-,–,0.5845,<E-04,0.5846,{'Y-89': 1.0}
38,Strontium,Sr-90,28.79 y,B-,–,0.1957,–,0.1957,{'Y-90': 1.0}
38,Strontium,Sr-91,9.63 h,B-,–,0.6549,0.7072,1.3621,"{'Y-91m': 0.58247, 'Y-91': 0.41753}"
38,Strontium,Sr-92,2.66 h,B-,–,0.2025,1.3368,1.5393,{'Y-92': 1.0}
38,Strontium,Sr-93,7.423 m,B-,–,0.8094,2.2637,3.0731,{'Y-93': 1.0}
38,Strontium,Sr-94,75.3 s,B-,–,0.8381,1.427,2.2651,{'Y-94': 1.0}
39,Yttrium,Y-81,70.4 s,ECB+,–,1.9658,1.1702,3.136,{'Sr-81': 1.0}
39,Yttrium,Y-83,7.08 m,ECB+,–,1.3138,1.3458,2.6596,{'Sr-83': 1.0}
39,Yttrium,Y-83m,2.85 m,ECB+IT,–,0.8177,0.837,1.6546,"{'Sr-83': 0.6, 'Y-83': 0.4}"
39,Yttrium,Y-84m,39.5 m,ECB+,–,1.2253,3.9751,5.2003,{'Sr-84': 1.0}
39,Yttrium,Y-85,2.68 h,ECB+,–,0.4881,1.0795,1.5676,{'Sr-85m': 1.0}
39,Yttrium,Y-85m,4.86 h,ECB+,–,0.5765,1.3242,1.9007,"{'Sr-85': 0.96, 'Sr-85m': 0.039998}"
39,Yttrium,Y-86,14.74 h,ECB+,–,0.2179,3.5777,3.7956,{'Sr-86': 1.0}
39,Yttrium,Y-86m,48 m,ITECB+,–,0.0243,0.2203,0.2446,"{'Y-86': 0.9931, 'Sr-86': 0.0069}"
39,Yttrium,Y-87,79.8 h,ECB+,–,0.0072,0.4462,0.4534,{'Sr-87m': 1.0}
39,Yttrium,Y-87m,13.37 h,ITECB+,–,0.0794,0.3072,0.3866,"{'Y-87': 0.9843, 'Sr-87': 0.0157}"
39,Yttrium,Y-88,106.65 d,ECB+,–,0.0067,2.695,2.7017,{'Sr-88': 1.0}
39,Yttrium,Y-89m,15.663 s,IT,–,0.0077,0.9014,0.9091,{'Y-89': 1.0}
39,Yttrium,Y-90,64.10 h,B-,–,0.9331,<E-04,0.9331,{'Zr-90': 1.0}
39,Yttrium,Y-90m,3.19 h,ITB-,–,0.047,0.6354,0.6823,"{'Y-90': 0.99998, 'Zr-90': 1.8e-05}"
39,Yttrium,Y-91,58.51 d,B-,–,0.6032,0.0031,0.6063,{'Zr-91': 1.0}
39,Yttrium,Y-91m,49.71 m,IT,–,0.0279,0.5283,0.5562,{'Y-91': 1.0}
39,Yttrium,Y-92,3.54 h,B-,–,1.4494,0.2517,1.7011,{'Zr-92': 1.0}
39,Yttrium,Y-93,10.18 h,B-,–,1.1721,0.0961,1.2682,{'Zr-93': 1.0}
39,Yttrium,Y-94,18.7 m,B-,–,1.8133,0.7725,2.5858,{'Zr-94': 1.0}
39,Yttrium,Y-95,10.3 m,B-,–,1.4288,1.108,2.5368,{'Zr-95': 1.0}
40,Zirconium,Zr-85,7.86 m,ECB+,–,1.3252,1.4718,2.797,"{'Y-85m': 0.96841, 'Y-85': 0.031588}"
40,Zirconium,Zr-86,16.5 h,ECB+,–,0.031,0.2952,0.3263,{'Y-86': 1.0}
40,Zirconium,Zr-87,1.68 h,ECB+,–,0.8218,0.9271,1.7488,"{'Y-87m': 0.99704, 'Y-87': 0.0029636}"
40,Zirconium,Zr-88,83.4 d,EC,–,0.016,0.3918,0.4078,{'Y-88': 1.0}
40,Zirconium,Zr-89,78.41 h,ECB+,–,0.1019,1.1581,1.26,{'Y-89': 1.0}
40,Zirconium,Zr-89m,4.161 m,ITECB+,–,0.0318,0.6344,0.6662,"{'Zr-89': 0.9377, 'Y-89': 0.0623}"
40,Zirconium,Zr-93,1.53E+6 y,B-,–,0.0194,–,0.0194,"{'Nb-93m': 0.975, 'Nb-93': 0.025}"
40,Zirconium,Zr-95,64.032 d,B-,–,0.1185,0.7321,0.8506,"{'Nb-95': 0.9892, 'Nb-95m': 0.010802}"
40,Zirconium,Zr-97,16.744 h,B-,–,0.7212,0.8792,1.6004,{'Nb-97': 1.0}
41,Niobium,Nb-87,3.75 m,ECB+,–,1.7709,1.2202,2.9911,{'Zr-87': 1.0}
41,Niobium,Nb-88,14.5 m,ECB+,–,1.4555,4.2188,5.6743,{'Zr-88': 1.0}
41,Niobium,Nb-88m,7.78 m,ECB+,–,1.4589,4.1063,5.5652,{'Zr-88': 1.0}
41,Niobium,Nb-89,2.03 h,ECB+,–,1.0859,1.3668,2.4527,"{'Zr-89': 0.98772, 'Zr-89m': 0.012278}"
41,Niobium,Nb-89m,66 m,ECB+,–,0.7855,1.3058,2.0913,{'Zr-89m': 1.0}
41,Niobium,Nb-90,14.60 h,ECB+,–,0.4032,4.2135,4.6167,{'Zr-90': 1.0}
41,Niobium,Nb-91,680 y,ECB+,–,0.0058,0.0118,0.0176,{'Zr-91': 1.0}
41,Niobium,Nb-91m,60.86 d,ITECB+,–,0.0963,0.034,0.1303,"{'Nb-91': 0.966, 'Zr-91': 0.034}"
41,Niobium,Nb-92,3.47E+7 y,EC,–,0.0079,1.5055,1.5133,{'Zr-92': 1.0}
41,Niobium,Nb-92m,10.15 d,ECB+,–,0.0065,0.9689,0.9753,{'Zr-92': 1.0}
41,Niobium,Nb-93m,16.13 y,IT,–,0.0294,0.002,0.0314,{'Nb-93': 1.0}
41,Niobium,Nb-94,2.03E+4 y,B-,–,0.1684,1.5581,1.7265,{'Mo-94': 1.0}
41,Niobium,Nb-94m,6.263 m,ITB-,–,0.0356,0.0117,0.0473,"{'Nb-94': 0.995, 'Mo-94': 0.005}"
41,Niobium,Nb-95,34.991 d,B-,–,0.0446,0.7645,0.8091,{'Mo-95': 1.0}
41,Niobium,Nb-95m,3.61 d,ITB-,–,0.18,0.0697,0.2497,"{'Nb-95': 0.944, 'Mo-95': 0.056}"
41,Niobium,Nb-96,23.35 h,B-,–,0.2534,2.4614,2.7149,{'Mo-96': 1.0}
41,Niobium,Nb-97,72.1 m,B-,–,0.4683,0.665,1.1333,{'Mo-97': 1.0}
41,Niobium,Nb-98m,51.3 m,B-,–,0.7636,2.8177,3.5813,{'Mo-98': 1.0}
41,Niobium,Nb-99,15.0 s,B-,–,1.5132,0.1743,1.6875,{'Mo-99': 1.0}
41,Niobium,Nb-99m,2.6 m,B-IT,–,1.4148,0.7567,2.1714,"{'Mo-99': 0.98, 'Nb-99': 0.02}"
42,Molybdenum,Mo-89,2.11 m,ECB+,–,1.962,1.2173,3.1793,{'Nb-89': 1.0}
42,Molybdenum,Mo-90,5.56 h,ECB+,–,0.2107,0.8331,1.0438,{'Nb-90': 1.0}
42,Molybdenum,Mo-91,15.49 m,ECB+,–,1.451,0.9773,2.4283,"{'Nb-91': 0.99966, 'Nb-91m': 0.00034232}"
42,Molybdenum,Mo-91m,64.6 s,ECB+IT,–,0.5559,1.3857,1.9416,"{'Nb-91m': 0.5, 'Mo-91': 0.5}"
42,Molybdenum,Mo-93,4.0E+3 y,EC,–,0.0056,0.0107,0.0163,"{'Nb-93m': 0.88, 'Nb-93': 0.12}"
42,Molybdenum,Mo-93m,6.85 h,ITEC,–,0.1045,2.3183,2.4228,"{'Mo-93': 0.9988, 'Nb-93': 0.0012}"
42,Molybdenum,Mo-99,65.94 h,B-,–,0.3929,0.1484,0.5413,"{'Tc-99m': 0.8773, 'Tc-99': 0.1227}"
42,Molybdenum,Mo-101,14.61 m,B-,–,0.5524,1.4706,2.023,{'Tc-101': 1.0}
42,Molybdenum,Mo-102,11.3 m,B-,–,0.3509,0.0185,0.3694,{'Tc-102': 1.0}
43,Technetium,Tc-91,3.14 m,ECB+,–,1.6985,2.4847,4.1832,"{'Mo-91': 0.99302, 'Mo-91m': 0.0069789}"
43,Technetium,Tc-91m,3.3 m,ECB+,–,1.8871,1.4231,3.3102,"{'Mo-91m': 0.97976, 'Mo-91': 0.020245}"
43,Technetium,Tc-92,4.25 m,ECB+,–,1.7984,3.8278,5.6263,{'Mo-92': 1.0}
43,Technetium,Tc-93,2.75 h,ECB+,–,0.0436,1.5686,1.6122,{'Mo-93': 1.0}
43,Technetium,Tc-93m,43.5 m,ITECB+,–,0.1015,0.9522,1.0537,"{'Tc-93': 0.766, 'Mo-93': 0.234}"
43,Technetium,Tc-94,293 m,ECB+,–,0.0475,2.6608,2.7083,{'Mo-94': 1.0}
43,Technetium,Tc-94m,52.0 m,ECB+,–,0.7543,1.9567,2.711,{'Mo-94': 1.0}
43,Technetium,Tc-95,20.0 h,EC,–,0.0069,0.7965,0.8033,{'Mo-95': 1.0}
43,Technetium,Tc-95m,61 d,ECB+IT,–,0.0154,0.6887,0.7042,"{'Tc-95': 0.0388, 'Mo-95': 0.9612}"
43,Technetium,Tc-96,4.28 d,EC,–,0.0089,2.5032,2.5121,{'Mo-96': 1.0}
43,Technetium,Tc-96m,51.5 m,ITECB+,–,0.0269,0.048,0.0749,"{'Tc-96': 0.98, 'Mo-96': 0.02}"
43,Technetium,Tc-97,2.6E+6 y,EC,–,0.0055,0.0114,0.0169,{'Mo-97': 1.0}
43,Technetium,Tc-97m,90.1 d,IT,–,0.0869,0.0096,0.0964,{'Tc-97': 1.0}
43,Technetium,Tc-98,4.2E+6 y,B-,–,0.1415,1.4127,1.5542,{'Ru-98': 1.0}
43,Technetium,Tc-99,2.111E+5 y,B-,–,0.1013,<E-04,0.1013,{'Ru-99': 1.0}
43,Technetium,Tc-99m,6.015 h,ITB-,–,0.0162,0.1266,0.1428,"{'Tc-99': 0.99996, 'Ru-99': 3.7e-05}"
43,Technetium,Tc-101,14.2 m,B-,–,0.4725,0.3367,0.8092,{'Ru-101': 1.0}
43,Technetium,Tc-102,5.28 s,B-,–,1.9441,0.0808,2.0249,{'Ru-102': 1.0}
43,Technetium,Tc-102m,4.35 m,B-IT,–,0.7902,2.4744,3.2646,"{'Tc-102': 0.02, 'Ru-102': 0.98}"
43,Technetium,Tc-104,18.3 m,B-,–,1.6014,2.2453,3.8467,{'Ru-104': 1.0}
43,Technetium,Tc-105,7.6 m,B-,–,1.2708,0.7981,2.069,{'Ru-105': 1.0}
44,Ruthenium,Ru-92,3.65 m,ECB+,–,0.7939,2.0844,2.8783,{'Tc-92': 1.0}
44,Ruthenium,Ru-94,51.8 m,ECB+,–,0.0085,0.5197,0.5282,{'Tc-94m': 1.0}
44,Ruthenium,Ru-95,1.643 h,ECB+,–,0.0831,1.2419,1.3249,"{'Tc-95': 0.97387, 'Tc-95m': 0.026131}"
44,Ruthenium,Ru-97,2.9 d,EC,–,0.0132,0.2408,0.254,"{'Tc-97': 0.99958, 'Tc-97m': 0.00042179}"
44,Ruthenium,Ru-103,39.26 d,B-,–,0.066,0.4962,0.5622,"{'Rh-103m': 0.98755, 'Rh-103': 0.012453}"
44,Ruthenium,Ru-105,4.44 h,B-,–,0.4406,0.748,1.1886,{'Rh-105': 1.0}
44,Ruthenium,Ru-106,373.59 d,B-,–,0.01,–,0.01,{'Rh-106': 1.0}
44,Ruthenium,Ru-107,3.75 m,B-,–,1.0704,0.3453,1.4157,{'Rh-107': 1.0}
44,Ruthenium,Ru-108,4.55 m,B-,–,0.4803,0.0626,0.5429,{'Rh-108': 1.0}
45,Rhodium,Rh-94,70.6 s,ECB+,–,2.9012,3.7634,6.6645,{'Ru-94': 1.0}
45,Rhodium,Rh-95,5.02 m,ECB+,–,0.8973,2.5603,3.4576,{'Ru-95': 1.0}
45,Rhodium,Rh-95m,1.96 m,ITECB+,–,0.1822,0.8973,1.0794,"{'Rh-95': 0.88, 'Ru-95': 0.12}"
45,Rhodium,Rh-96,9.90 m,ECB+,–,0.7419,3.9266,4.6685,{'Ru-96': 1.0}
45,Rhodium,Rh-96m,1.51 m,ITECB+,–,0.5673,1.2819,1.8492,"{'Rh-96': 0.6, 'Ru-96': 0.4}"
45,Rhodium,Rh-97,30.7 m,ECB+,–,0.5211,1.4448,1.966,{'Ru-97': 1.0}
45,Rhodium,Rh-97m,46.2 m,ECB+IT,–,0.1992,2.2017,2.4009,"{'Ru-97': 0.944, 'Rh-97': 0.056}"
45,Rhodium,Rh-98,8.7 m,ECB+,–,1.3371,1.8115,3.1486,{'Ru-98': 1.0}
45,Rhodium,Rh-99,16.1 d,ECB+,–,0.0611,0.5627,0.6238,{'Ru-99': 1.0}
45,Rhodium,Rh-99m,4.7 h,ECB+,–,0.0367,0.6511,0.6878,{'Ru-99': 1.0}
45,Rhodium,Rh-100,20.8 h,ECB+,–,0.0494,2.7425,2.792,{'Ru-100': 1.0}
45,Rhodium,Rh-100m,4.6 m,ITECB+,–,0.0802,0.0637,0.1439,"{'Rh-100': 0.983, 'Ru-100': 0.017}"
45,Rhodium,Rh-101,3.3 y,EC,–,0.0267,0.2878,0.3145,{'Ru-101': 1.0}
45,Rhodium,Rh-101m,4.34 d,ECIT,–,0.0199,0.2877,0.3076,"{'Rh-101': 0.064, 'Ru-101': 0.936}"
45,Rhodium,Rh-102,207 d,ECB+B-,–,0.1717,0.506,0.6777,"{'Ru-102': 0.78, 'Pd-102': 0.22}"
45,Rhodium,Rh-102m,3.742 y,ECB+IT,–,0.0125,2.1536,2.1661,"{'Rh-102': 0.00233, 'Ru-102': 0.99767}"
45,Rhodium,Rh-103m,56.114 m,IT,–,0.0377,0.0017,0.0394,{'Rh-103': 1.0}
45,Rhodium,Rh-104,42.3 s,B-EC,–,0.9823,0.0124,0.9947,"{'Pd-104': 0.9955, 'Ru-104': 0.0045}"
45,Rhodium,Rh-104m,4.34 m,ITB-,–,0.0846,0.0441,0.1287,"{'Rh-104': 0.9987, 'Pd-104': 0.0013}"
45,Rhodium,Rh-105,35.36 h,B-,–,0.1533,0.0773,0.2306,{'Pd-105': 1.0}
45,Rhodium,Rh-106,29.80 s,B-,–,1.4111,0.2061,1.6172,{'Pd-106': 1.0}
45,Rhodium,Rh-106m,131 m,B-,–,0.3492,2.8526,3.2018,{'Pd-106': 1.0}
45,Rhodium,Rh-107,21.7 m,B-,–,0.4407,0.3133,0.7539,{'Pd-107': 1.0}
45,Rhodium,Rh-108,16.8 s,B-,–,1.8209,0.3172,2.1381,{'Pd-108': 1.0}
45,Rhodium,Rh-109,80 s,B-,–,0.932,0.2995,1.2315,{'Pd-109': 1.0}
46,Palladium,Pd-96,122 s,ECB+,–,0.2257,1.4403,1.666,{'Rh-96m': 1.0}
46,Palladium,Pd-97,3.10 m,ECB+,–,0.7524,2.3813,3.1337,"{'Rh-97': 0.98838, 'Rh-97m': 0.011622}"
46,Palladium,Pd-98,17.7 m,ECB+,–,0.0455,0.4154,0.4609,{'Rh-98': 1.0}
46,Palladium,Pd-99,21.4 m,ECB+,–,0.4499,1.2833,1.7331,"{'Rh-99m': 0.96647, 'Rh-99': 0.033529}"
46,Palladium,Pd-100,3.63 d,EC,–,0.0455,0.1231,0.1686,{'Rh-100': 1.0}
46,Palladium,Pd-101,8.47 h,ECB+,–,0.0328,0.3518,0.3846,"{'Rh-101m': 0.9973, 'Rh-101': 0.0027}"
46,Palladium,Pd-103,16.991 d,EC,–,0.0058,0.0146,0.0204,"{'Rh-103m': 0.99875, 'Rh-103': 0.0012512}"
46,Palladium,Pd-107,6.5E+6 y,B-,–,0.0096,–,0.0096,{'Ag-107': 1.0}
46,Palladium,Pd-109,13.7012 h,B-,–,0.438,0.0118,0.4497,{'Ag-109': 1.0}
46,Palladium,Pd-109m,4.69 m,IT,–,0.0777,0.1112,0.1889,{'Pd-109': 1.0}
46,Palladium,Pd-111,23.4 m,B-,–,0.8409,0.0478,0.8887,"{'Ag-111m': 0.99756, 'Ag-111': 0.0024368}"
46,Palladium,Pd-112,21.03 h,B-,–,0.09,0.0051,0.0951,{'Ag-112': 1.0}
46,Palladium,Pd-114,2.42 m,B-,–,0.5317,0.0259,0.5576,{'Ag-114': 1.0}
47,Silver,Ag-99,124 s,ECB+,–,1.3076,2.3092,3.6168,{'Pd-99': 1.0}
47,Silver,Ag-100m,2.24 m,ECB+,–,1.9068,2.8248,4.7316,{'Pd-100': 1.0}
47,Silver,Ag-101,11.1 m,ECB+,–,0.8396,1.5703,2.4099,{'Pd-101': 1.0}
47,Silver,Ag-102,12.9 m,ECB+,–,0.843,3.4092,4.2522,{'Pd-102': 1.0}
47,Silver,Ag-102m,7.7 m,ECB+IT,–,0.3964,1.9933,2.3897,"{'Ag-102': 0.49, 'Pd-102': 0.51}"
47,Silver,Ag-103,65.7 m,ECB+,–,0.1973,0.844,1.0412,{'Pd-103': 1.0}
47,Silver,Ag-104,69.2 m,ECB+,–,0.0917,2.7066,2.7982,{'Pd-104': 1.0}
47,Silver,Ag-104m,33.5 m,ECB+IT,–,0.7331,1.8047,2.5377,"{'Ag-104': 0.0007, 'Pd-104': 0.9993}"
47,Silver,Ag-105,41.29 d,EC,–,0.0192,0.5138,0.533,{'Pd-105': 1.0}
47,Silver,Ag-105m,7.23 m,ITECB+,–,0.0252,0.0013,0.0265,"{'Ag-105': 0.9966, 'Pd-105': 0.0034}"
47,Silver,Ag-106,23.96 m,ECB+B-,–,0.4967,0.6996,1.1963,"{'Pd-106': 0.99, 'Cd-106': 0.01}"
47,Silver,Ag-106m,8.28 d,EC,–,0.0131,2.8091,2.8222,{'Pd-106': 1.0}
47,Silver,Ag-108,2.37 m,B-ECB+,–,0.6071,0.0186,0.6256,"{'Cd-108': 0.9715, 'Pd-108': 0.0285}"
47,Silver,Ag-108m,418 y,ECIT,–,0.0159,1.6209,1.6368,"{'Ag-108': 0.087, 'Pd-108': 0.913}"
47,Silver,Ag-109m,39.6 s,IT,–,0.077,0.0111,0.088,{'Ag-109': 1.0}
47,Silver,Ag-110,24.6 s,B-EC,–,1.1812,0.0307,1.2119,"{'Cd-110': 0.997, 'Pd-110': 0.003}"
47,Silver,Ag-110m,249.76 d,B-IT,–,0.0758,2.7606,2.8363,"{'Ag-110': 0.0136, 'Cd-110': 0.9864}"
47,Silver,Ag-111,7.45 d,B-,–,0.3539,0.0265,0.3804,{'Cd-111': 1.0}
47,Silver,Ag-111m,64.8 s,ITB-,–,0.0568,0.0079,0.0646,"{'Ag-111': 0.993, 'Cd-111': 0.007}"
47,Silver,Ag-112,3.130 h,B-,–,1.354,0.6905,2.0445,{'Cd-112': 1.0}
47,Silver,Ag-113,5.37 h,B-,–,0.7614,0.0719,0.8333,"{'Cd-113': 0.98261, 'Cd-113m': 0.017388}"
47,Silver,Ag-113m,68.7 s,ITB-,–,0.2278,0.2134,0.4412,"{'Ag-113': 0.64, 'Cd-113': 0.36}"
47,Silver,Ag-114,4.6 s,B-,–,2.1091,0.2589,2.3681,{'Cd-114': 1.0}
47,Silver,Ag-115,20.0 m,B-,–,1.0928,0.4831,1.576,"{'Cd-115': 0.9421, 'Cd-115m': 0.05787}"
47,Silver,Ag-116,2.68 m,B-,–,1.754,2.1473,3.9014,{'Cd-116': 1.0}
47,Silver,Ag-117,73.6 s,B-,–,1.2813,1.3028,2.5841,"{'Cd-117': 0.84703, 'Cd-117m': 0.15297}"
48,Cadmium,Cd-101,1.36 m,ECB+,–,1.0685,2.4853,3.5538,{'Ag-101': 1.0}
48,Cadmium,Cd-102,5.5 m,ECB+,–,0.0756,0.838,0.9136,"{'Ag-102m': 0.94624, 'Ag-102': 0.053762}"
48,Cadmium,Cd-103,7.3 m,ECB+,–,0.3636,2.0891,2.4527,{'Ag-103': 1.0}
48,Cadmium,Cd-104,57.7 m,EC,–,0.0306,0.2513,0.2819,{'Ag-104m': 1.0}
48,Cadmium,Cd-105,55.5 m,ECB+,–,0.2167,1.2995,1.5161,"{'Ag-105m': 0.82963, 'Ag-105': 0.17037}"
48,Cadmium,Cd-107,6.50 h,ECB+,–,0.087,0.0337,0.1207,{'Ag-107': 1.0}
48,Cadmium,Cd-109,461.4 d,EC,–,0.0827,0.0265,0.1092,{'Ag-109': 1.0}
48,Cadmium,Cd-111m,48.50 m,IT,–,0.1066,0.2843,0.3908,{'Cd-111': 1.0}
48,Cadmium,Cd-113,7.7E+15 y,B-,–,0.0926,–,0.0926,{'In-113': 1.0}
48,Cadmium,Cd-113m,14.1 y,B-IT,–,0.1847,<E-04,0.1848,"{'Cd-113': 0.0014, 'In-113': 0.9986}"
48,Cadmium,Cd-115,53.46 h,B-,–,0.3182,0.1926,0.5107,{'In-115m': 1.0}
48,Cadmium,Cd-115m,44.6 d,B-,–,0.6045,0.0329,0.6374,"{'In-115': 0.99989, 'In-115m': 0.00010578}"
48,Cadmium,Cd-117,2.49 h,B-,–,0.4379,1.0796,1.5175,"{'In-117m': 0.91507, 'In-117': 0.084933}"
48,Cadmium,Cd-117m,3.36 h,B-,–,0.2279,2.0437,2.2716,"{'In-117': 0.99002, 'In-117m': 0.0099831}"
48,Cadmium,Cd-118,50.3 m,B-,–,0.1614,–,0.1614,{'In-118': 1.0}
48,Cadmium,Cd-119,2.69 m,B-,–,0.8186,1.638,2.4566,"{'In-119m': 0.90091, 'In-119': 0.099092}"
48,Cadmium,Cd-119m,2.20 m,B-,–,0.6898,2.3021,2.9919,"{'In-119': 0.99787, 'In-119m': 0.0021328}"
49,Indium,In-103,60 s,ECB+,–,1.5404,2.7528,4.2932,{'Cd-103': 1.0}
49,Indium,In-105,5.07 m,ECB+,–,1.0358,1.9307,2.9666,{'Cd-105': 1.0}
49,Indium,In-106m,5.2 m,ECB+,–,1.5889,2.8243,4.4132,{'Cd-106': 1.0}
49,Indium,In-106,6.2 m,ECB+,–,1.0844,3.5541,4.6385,{'Cd-106': 1.0}
49,Indium,In-107,32.4 m,ECB+,–,0.3263,1.5307,1.857,{'Cd-107': 1.0}
49,Indium,In-108m,39.6 m,ECB+,–,0.7021,2.7655,3.4675,{'Cd-108': 1.0}
49,Indium,In-108,58.0 m,ECB+,–,0.162,3.9164,4.0784,{'Cd-108': 1.0}
49,Indium,In-109m,1.34 m,IT,–,0.0416,0.6085,0.6501,{'In-109': 1.0}
49,Indium,In-109,4.2 h,ECB+,–,0.0334,0.6441,0.6775,{'Cd-109': 1.0}
49,Indium,In-110m,69.1 m,ECB+,–,0.6282,1.5782,2.2065,{'Cd-110': 1.0}
49,Indium,In-110,4.9 h,ECB+,–,0.0122,3.0972,3.1094,{'Cd-110': 1.0}
49,Indium,In-111m,7.7 m,IT,–,0.0675,0.4706,0.538,{'In-111': 1.0}
49,Indium,In-111,2.8047 d,EC,–,0.0348,0.4061,0.4409,"{'Cd-111m': 4.9998e-05, 'Cd-111': 0.99995}"
49,Indium,In-112m,20.56 m,IT,–,0.1217,0.0347,0.1564,{'In-112': 1.0}
49,Indium,In-112,14.97 m,ECB+B-,–,0.2452,0.2675,0.5127,"{'Cd-112': 0.56, 'Sn-112': 0.44}"
49,Indium,In-113m,1.6579 h,IT,–,0.1361,0.2606,0.3967,{'In-113': 1.0}
49,Indium,In-114m,49.51 d,ITEC,–,0.145,0.0804,0.2254,"{'In-114': 0.9675, 'Cd-114': 0.0325}"
49,Indium,In-114,71.9 s,B-ECB+,–,0.774,0.0023,0.7764,"{'Sn-114': 0.995, 'Cd-114': 0.005}"
49,Indium,In-115m,4.486 h,ITB-,–,0.1748,0.1627,0.3376,"{'In-115': 0.95, 'Sn-115': 0.05}"
49,Indium,In-115,4.41E+14 y,B-,–,0.1526,–,0.1526,{'Sn-115': 1.0}
49,Indium,In-116m,54.41 m,B-,–,0.3128,2.4691,2.7819,{'Sn-116': 1.0}
49,Indium,In-117m,116.2 m,B-IT,–,0.4344,0.091,0.5254,"{'In-117': 0.471, 'Sn-117': 0.529}"
49,Indium,In-117,43.2 m,B-,–,0.2673,0.6939,0.9612,"{'Sn-117m': 0.0035321, 'Sn-117': 0.99647}"
49,Indium,In-118m,4.364 m,B-,–,0.6708,2.7765,3.4473,{'Sn-118': 1.0}
49,Indium,In-118,5.0 s,B-,–,1.8792,0.0778,1.957,{'Sn-118': 1.0}
49,Indium,In-119m,18.0 m,B-IT,–,1.0221,0.066,1.0882,"{'In-119': 0.056, 'Sn-119': 0.944}"
49,Indium,In-119,2.4 m,B-,–,0.6148,0.7701,1.3849,"{'Sn-119m': 0.0094773, 'Sn-119': 0.99052}"
49,Indium,In-121m,3.88 m,B-IT,–,1.5288,0.0635,1.5922,"{'Sn-121': 0.988, 'In-121': 0.012}"
49,Indium,In-121,23.1 s,B-,–,0.9869,0.9266,1.9135,"{'Sn-121': 0.8865, 'Sn-121m': 0.1135}"
50,Tin,Sn-106,1.92 m,ECB+,–,0.1279,1.2091,1.337,{'In-106m': 1.0}
50,Tin,Sn-108,10.30 m,ECB+,–,0.0269,0.6847,0.7117,{'In-108m': 1.0}
50,Tin,Sn-109,18.0 m,ECB+,–,0.0571,2.2063,2.2634,"{'In-109': 0.71734, 'In-109m': 0.28266}"
50,Tin,Sn-110,4.11 h,EC,–,0.0152,0.2918,0.307,{'In-110m': 1.0}
50,Tin,Sn-111,35.3 m,ECB+,–,0.1915,0.4903,0.6818,"{'In-111': 0.99793, 'In-111m': 0.0020745}"
50,Tin,Sn-113m,21.4 m,ITEC,–,0.0588,0.0137,0.0725,"{'Sn-113': 0.911, 'In-113': 0.089}"
50,Tin,Sn-113,115.09 d,EC,–,0.0063,0.0237,0.03,"{'In-113m': 0.99998, 'In-113': 2.2352e-05}"
50,Tin,Sn-117m,13.76 d,IT,–,0.1616,0.1581,0.3197,{'Sn-117': 1.0}
50,Tin,Sn-119m,293.1 d,IT,–,0.0781,0.0151,0.0932,{'Sn-119': 1.0}
50,Tin,Sn-121m,43.9 y,ITB-,–,0.0354,0.0052,0.0405,"{'Sn-121': 0.776, 'Sb-121': 0.224}"
50,Tin,Sn-121,27.03 h,B-,–,0.1156,–,0.1156,{'Sb-121': 1.0}
50,Tin,Sn-123m,40.06 m,B-,–,0.4788,0.1407,0.6196,{'Sb-123': 1.0}
50,Tin,Sn-123,129.2 d,B-,–,0.5227,0.0069,0.5296,{'Sb-123': 1.0}
50,Tin,Sn-125m,9.52 m,B-,–,0.807,0.3464,1.1534,{'Sb-125': 1.0}
50,Tin,Sn-125,9.64 d,B-,–,0.8037,0.3346,1.1383,{'Sb-125': 1.0}
50,Tin,Sn-126,2.30E+5 y,B-,–,0.138,0.0569,0.1949,{'Sb-126m': 1.0}
50,Tin,Sn-127m,4.13 m,B-,–,1.114,0.5686,1.6826,{'Sb-127': 1.0}
50,Tin,Sn-127,2.10 h,B-,–,0.5199,1.9075,2.4274,{'Sb-127': 1.0}
50,Tin,Sn-128,59.07 m,B-,–,0.2457,0.6041,0.8498,{'Sb-128m': 1.0}
50,Tin,Sn-129,2.23 m,B-,–,1.2576,1.0081,2.2657,{'Sb-129': 1.0}
50,Tin,Sn-130m,1.7 m,B-,–,1.404,0.8861,2.2901,"{'Sb-130': 0.86005, 'Sb-130m': 0.13995}"
50,Tin,Sn-130,3.72 m,B-,–,0.4612,0.9372,1.3984,{'Sb-130m': 1.0}
51,Antimony,Sb-111,75 s,ECB+,–,1.364,1.4859,2.8499,{'Sn-111': 1.0}
51,Antimony,Sb-113,6.67 m,ECB+,–,0.7203,1.2683,1.9886,"{'Sn-113': 0.77569, 'Sn-113m': 0.22431}"
51,Antimony,Sb-114,3.49 m,ECB+,–,1.2184,2.6893,3.9077,{'Sn-114': 1.0}
51,Antimony,Sb-115,32.1 m,ECB+,–,0.2342,0.8894,1.1236,{'Sn-115': 1.0}
51,Antimony,Sb-116,15.8 m,ECB+,–,0.5138,2.2788,2.7926,{'Sn-116': 1.0}
51,Antimony,Sb-116m,60.3 m,ECB+,–,0.1408,3.1029,3.2437,{'Sn-116': 1.0}
51,Antimony,Sb-117,2.80 h,ECB+,–,0.0298,0.1864,0.2162,{'Sn-117': 1.0}
51,Antimony,Sb-118,3.6 m,ECB+,–,0.873,0.8039,1.6769,{'Sn-118': 1.0}
51,Antimony,Sb-118m,5.00 h,ECB+,–,0.0374,2.613,2.6504,{'Sn-118': 1.0}
51,Antimony,Sb-119,38.19 h,EC,–,0.0258,0.0234,0.0492,{'Sn-119': 1.0}
51,Antimony,Sb-120,15.89 m,ECB+,–,0.3077,0.4521,0.7599,{'Sn-120': 1.0}
51,Antimony,Sb-120m,5.76 d,EC,–,0.0449,2.4663,2.5112,{'Sn-120': 1.0}
51,Antimony,Sb-122,2.7238 d,B-ECB+,–,0.5618,0.4453,1.0072,"{'Te-122': 0.9759, 'Sn-122': 0.0241}"
51,Antimony,Sb-122m,4.191 m,IT,–,0.0937,0.0707,0.1644,{'Sb-122': 1.0}
51,Antimony,Sb-124,60.20 d,B-,–,0.3831,1.8531,2.2362,{'Te-124': 1.0}
51,Antimony,Sb-124m,93 s,ITB-,–,0.1157,0.4401,0.5558,"{'Sb-124': 0.75, 'Te-124': 0.25}"
51,Antimony,Sb-124n,20.2 m,IT,–,0.0256,0.0004,0.026,{'Sb-124m': 1.0}
51,Antimony,Sb-125,2.75856 y,B-,–,0.101,0.4373,0.5383,"{'Te-125m': 0.23136, 'Te-125': 0.76864}"
51,Antimony,Sb-126,12.35 d,B-,–,0.3545,2.7552,3.1097,{'Te-126': 1.0}
51,Antimony,Sb-126m,19.15 m,B-IT,–,0.6322,1.5483,2.1805,"{'Sb-126': 0.14, 'Te-126': 0.86}"
51,Antimony,Sb-127,3.85 d,B-,–,0.316,0.6934,1.0094,"{'Te-127': 0.8232, 'Te-127m': 0.1768}"
51,Antimony,Sb-128,9.01 h,B-,–,0.4999,3.0934,3.5934,{'Te-128': 1.0}
51,Antimony,Sb-128m,10.4 m,B-IT,–,0.958,1.9063,2.8643,"{'Sb-128': 0.036, 'Te-128': 0.964}"
51,Antimony,Sb-129,4.40 h,B-,–,0.3953,1.4601,1.8553,"{'Te-129': 0.77381, 'Te-129m': 0.22619}"
51,Antimony,Sb-130,39.5 m,B-,–,0.7579,3.2724,4.0303,{'Te-130': 1.0}
51,Antimony,Sb-130m,6.3 m,B-,–,1.029,2.7077,3.7367,{'Te-130': 1.0}
51,Antimony,Sb-131,23.03 m,B-,–,0.5867,2.0733,2.6601,"{'Te-131': 0.91793, 'Te-131m': 0.082067}"
51,Antimony,Sb-133,2.5 m,B-,–,0.6785,2.7434,3.4219,"{'Te-133': 0.82662, 'Te-133m': 0.17338}"
52,Tellurium,Te-113,1.7 m,ECB+,–,1.7023,2.2208,3.9231,{'Sb-113': 1.0}
52,Tellurium,Te-114,15.2 m,ECB+,–,0.1551,1.2817,1.4368,{'Sb-114': 1.0}
52,Tellurium,Te-115,5.8 m,ECB+,–,0.8124,2.2449,3.0572,{'Sb-115': 1.0}
52,Tellurium,Te-115m,6.7 m,ECB+,–,0.6939,2.6041,3.298,{'Sb-115': 1.0}
52,Tellurium,Te-116,2.49 h,ECB+,–,0.0618,0.1122,0.174,{'Sb-116': 1.0}
52,Tellurium,Te-117,62 m,ECB+,–,0.2139,1.5492,1.7631,{'Sb-117': 1.0}
52,Tellurium,Te-118,6.00 d,EC,–,0.0061,0.0199,0.026,{'Sb-118': 1.0}
52,Tellurium,Te-119,16.05 h,ECB+,–,0.0143,0.7679,0.7822,{'Sb-119': 1.0}
52,Tellurium,Te-119m,4.70 d,ECB+,–,0.018,1.5059,1.5239,{'Sb-119': 1.0}
52,Tellurium,Te-121,19.16 d,EC,–,0.0098,0.5775,0.5872,{'Sb-121': 1.0}
52,Tellurium,Te-121m,154 d,ITEC,–,0.0817,0.2176,0.2993,"{'Te-121': 0.886, 'Sb-121': 0.114}"
52,Tellurium,Te-123,6.00E+14 y,EC,–,0.0028,0.0004,0.0031,{'Sb-123': 1.0}
52,Tellurium,Te-123m,119.25 d,IT,–,0.099,0.1477,0.2467,{'Te-123': 1.0}
52,Tellurium,Te-125m,57.40 d,IT,–,0.1091,0.036,0.1451,{'Te-125': 1.0}
52,Tellurium,Te-127,9.35 h,B-,–,0.2246,0.0049,0.2294,{'I-127': 1.0}
52,Tellurium,Te-127m,109 d,ITB-,–,0.0824,0.0113,0.0937,"{'Te-127': 0.976, 'I-127': 0.024}"
52,Tellurium,Te-129,69.6 m,B-,–,0.5436,0.0625,0.6061,{'I-129': 1.0}
52,Tellurium,Te-129m,33.6 d,ITB-,–,0.2709,0.0376,0.3085,"{'Te-129': 0.63, 'I-129': 0.37}"
52,Tellurium,Te-131,25.0 m,B-,–,0.7122,0.42,1.1322,{'I-131': 1.0}
52,Tellurium,Te-131m,30 h,B-IT,–,0.187,1.4545,1.6415,"{'I-131': 0.778, 'Te-131': 0.222}"
52,Tellurium,Te-132,3.204 d,B-,–,0.1108,0.2344,0.3453,{'I-132': 1.0}
52,Tellurium,Te-133,12.5 m,B-,–,0.6897,1.2007,1.8904,{'I-133': 1.0}
52,Tellurium,Te-133m,55.4 m,B-IT,–,0.388,1.8597,2.2477,"{'I-133': 0.825, 'Te-133': 0.175}"
52,Tellurium,Te-134,41.8 m,B-,–,0.2266,0.8714,1.098,{'I-134': 1.0}
53,Iodine,I-118,13.7 m,ECB+,–,1.9645,2.0163,3.9809,{'Te-118': 1.0}
53,Iodine,I-118m,8.5 m,ECB+,–,1.1055,3.7513,4.8567,{'Te-118': 1.0}
53,Iodine,I-119,19.1 m,ECB+,–,0.5116,0.911,1.4227,"{'Te-119': 0.99046, 'Te-119m': 0.0095421}"
53,Iodine,I-120,81.6 m,ECB+,–,1.168,2.6611,3.8291,{'Te-120': 1.0}
53,Iodine,I-120m,53 m,ECB+,–,0.907,3.5248,4.4318,{'Te-120': 1.0}
53,Iodine,I-121,2.12 h,ECB+,–,0.0665,0.3995,0.466,"{'Te-121': 0.99714, 'Te-121m': 0.0028631}"
53,Iodine,I-122,3.63 m,ECB+,–,1.1055,0.9619,2.0674,{'Te-122': 1.0}
53,Iodine,I-123,13.27 h,EC,–,0.0282,0.173,0.2012,"{'Te-123': 0.99996, 'Te-123m': 4.442e-05}"
53,Iodine,I-124,4.1760 d,ECB+,–,0.1943,1.1132,1.3075,{'Te-124': 1.0}
53,Iodine,I-125,59.400 d,EC,–,0.0192,0.0428,0.0621,{'Te-125': 1.0}
53,Iodine,I-126,12.93 d,ECB+B-,–,0.1606,0.4354,0.5959,"{'Te-126': 0.527, 'Xe-126': 0.473}"
53,Iodine,I-128,24.99 m,B-ECB+,–,0.7463,0.0676,0.8139,"{'Xe-128': 0.931, 'Te-128': 0.069}"
53,Iodine,I-129,1.57E+7 y,B-,–,0.0651,0.0252,0.0902,{'Xe-129': 1.0}
53,Iodine,I-130,12.36 h,B-,–,0.2786,2.1372,2.4158,{'Xe-130': 1.0}
53,Iodine,I-130m,8.84 m,ITB-,–,0.1778,0.1097,0.2875,"{'I-130': 0.84, 'Xe-130': 0.16}"
53,Iodine,I-131,8.02070 d,B-,–,0.1918,0.3828,0.5746,"{'Xe-131m': 0.011759, 'Xe-131': 0.98824}"
53,Iodine,I-132,2.295 h,B-,–,0.493,2.2645,2.7575,{'Xe-132': 1.0}
53,Iodine,I-132m,1.387 h,ITB-,–,0.1614,0.3403,0.5018,"{'I-132': 0.86, 'Xe-132': 0.14}"
53,Iodine,I-133,20.8 h,B-,–,0.4142,0.612,1.0262,"{'Xe-133': 0.97115, 'Xe-133m': 0.028846}"
53,Iodine,I-134,52.5 m,B-,–,0.5776,2.5953,3.1729,{'Xe-134': 1.0}
53,Iodine,I-134m,3.60 m,ITB-,–,0.0913,0.2887,0.38,"{'I-134': 0.977, 'Xe-134': 0.023}"
53,Iodine,I-135,6.57 h,B-,–,0.3465,1.5815,1.928,"{'Xe-135': 0.83432, 'Xe-135m': 0.16568}"
54,Xenon,Xe-120,40 m,ECB+,–,0.0461,0.4015,0.4476,{'I-120': 1.0}
54,Xenon,Xe-121,40.1 m,ECB+,–,0.5819,1.472,2.0539,{'I-121': 1.0}
54,Xenon,Xe-122,20.1 h,EC,–,0.01,0.0684,0.0784,{'I-122': 1.0}
54,Xenon,Xe-123,2.08 h,ECB+,–,0.1875,0.6411,0.8286,{'I-123': 1.0}
54,Xenon,Xe-125,16.9 h,ECB+,–,0.035,0.2723,0.3074,{'I-125': 1.0}
54,Xenon,Xe-127,36.4 d,EC,–,0.0325,0.2806,0.3131,{'I-127': 1.0}
54,Xenon,Xe-127m,69.2 s,IT,–,0.1293,0.1685,0.2978,{'Xe-127': 1.0}
54,Xenon,Xe-129m,8.88 d,IT,–,0.1844,0.0517,0.2362,{'Xe-129': 1.0}
54,Xenon,Xe-131m,11.84 d,IT,–,0.147,0.0206,0.1676,{'Xe-131': 1.0}
54,Xenon,Xe-133,5.243 d,B-,–,0.1379,0.0474,0.1854,{'Cs-133': 1.0}
54,Xenon,Xe-133m,2.19 d,IT,–,0.1924,0.041,0.2333,{'Xe-133': 1.0}
54,Xenon,Xe-135,9.14 h,B-,–,0.3208,0.2483,0.5691,{'Cs-135': 1.0}
54,Xenon,Xe-135m,15.29 m,ITB-,–,0.1008,0.4249,0.5257,"{'Xe-135': 0.994, 'Cs-135': 0.006}"
54,Xenon,Xe-137,3.818 m,B-,–,1.6952,0.1908,1.8859,{'Cs-137': 1.0}
54,Xenon,Xe-138,14.08 m,B-,–,0.6596,1.1222,1.7818,{'Cs-138': 1.0}
55,Caesium,Cs-121,155 s,ECB+,–,1.7391,1.1733,2.9123,{'Xe-121': 1.0}
55,Caesium,Cs-121m,122 s,ECB+IT,–,1.3475,1.1821,2.5296,"{'Xe-121': 0.83, 'Cs-121': 0.17}"
55,Caesium,Cs-123,5.88 m,ECB+,–,0.9509,1.086,2.0369,{'Xe-123': 1.0}
55,Caesium,Cs-124,30.8 s,ECB+,–,1.9908,1.1607,3.1515,{'Xe-124': 1.0}
55,Caesium,Cs-125,45 m,ECB+,–,0.3524,0.755,1.1075,{'Xe-125': 1.0}
55,Caesium,Cs-126,1.64 m,ECB+,–,1.3193,1.1545,2.4738,{'Xe-126': 1.0}
55,Caesium,Cs-127,6.25 h,ECB+,–,0.0293,0.4334,0.4627,{'Xe-127': 1.0}
55,Caesium,Cs-128,3.640 m,ECB+,–,0.8735,0.8917,1.7651,{'Xe-128': 1.0}
55,Caesium,Cs-129,32.06 h,ECB+,–,0.0175,0.2802,0.2977,{'Xe-129': 1.0}
55,Caesium,Cs-130,29.21 m,ECB+B-,–,0.3869,0.5026,0.8894,"{'Xe-130': 0.984, 'Ba-130': 0.016}"
55,Caesium,Cs-130m,3.46 m,ITEC,–,0.0937,0.0737,0.1674,"{'Cs-130': 0.9984, 'Xe-130': 0.0016}"
55,Caesium,Cs-131,9.689 d,EC,–,0.0064,0.0232,0.0295,{'Xe-131': 1.0}
55,Caesium,Cs-132,6.479 d,ECB+B-,–,0.0143,0.7151,0.7294,"{'Xe-132': 0.9813, 'Ba-132': 0.0187}"
55,Caesium,Cs-134,2.0648 y,B-EC,–,0.1639,1.5551,1.719,"{'Ba-134': 1.0, 'Xe-134': 3e-06}"
55,Caesium,Cs-134m,2.903 h,IT,–,0.1122,0.0273,0.1394,{'Cs-134': 1.0}
55,Caesium,Cs-135,2.3E+6 y,B-,–,0.0894,–,0.0894,{'Ba-135': 1.0}
55,Caesium,Cs-135m,53 m,IT,–,0.0361,1.5972,1.6333,{'Cs-135': 1.0}
55,Caesium,Cs-136,13.16 d,B-,–,0.1449,2.1283,2.2732,{'Ba-136': 1.0}
55,Caesium,Cs-137,30.1671 y,B-,–,0.1884,<E-04,0.1884,"{'Ba-137m': 0.94399, 'Ba-137': 0.056005}"
55,Caesium,Cs-138,33.41 m,B-,–,1.2462,2.3611,3.6073,{'Ba-138': 1.0}
55,Caesium,Cs-138m,2.91 m,ITB-,–,0.3201,0.4149,0.735,"{'Cs-138': 0.81, 'Ba-138': 0.19}"
55,Caesium,Cs-139,9.27 m,B-,–,1.6598,0.303,1.9629,{'Ba-139': 1.0}
55,Caesium,Cs-140,63.7 s,B-,–,1.9361,1.7692,3.7054,{'Ba-140': 1.0}
56,Barium,Ba-124,11.0 m,ECB+,–,0.1743,0.5728,0.7471,{'Cs-124': 1.0}
56,Barium,Ba-126,100 m,ECB+,–,0.0178,0.5803,0.5981,{'Cs-126': 1.0}
56,Barium,Ba-127,12.7 m,ECB+,–,0.5971,0.7282,1.3253,{'Cs-127': 1.0}
56,Barium,Ba-128,2.43 d,EC,–,0.0086,0.0665,0.0751,{'Cs-128': 1.0}
56,Barium,Ba-129,2.23 h,ECB+,–,0.127,0.3331,0.4601,{'Cs-129': 1.0}
56,Barium,Ba-129m,2.16 h,ECB+,–,0.0419,1.5833,1.6252,{'Cs-129': 1.0}
56,Barium,Ba-131,11.50 d,EC,–,0.0455,0.4763,0.5219,{'Cs-131': 1.0}
56,Barium,Ba-131m,14.6 m,IT,–,0.1102,0.0773,0.1875,{'Ba-131': 1.0}
56,Barium,Ba-133,10.52 y,EC,–,0.0553,0.403,0.4583,{'Cs-133': 1.0}
56,Barium,Ba-133m,38.9 h,ITEC,–,0.2259,0.0686,0.2945,"{'Ba-133': 0.9999, 'Cs-133': 9.6e-05}"
56,Barium,Ba-135m,28.7 h,IT,–,0.208,0.0602,0.2682,{'Ba-135': 1.0}
56,Barium,Ba-137m,2.552 m,IT,–,0.0653,0.5963,0.6617,{'Ba-137': 1.0}
56,Barium,Ba-139,83.06 m,B-,–,0.9012,0.0457,0.947,{'La-139': 1.0}
56,Barium,Ba-140,12.752 d,B-,–,0.3202,0.1826,0.5029,{'La-140': 1.0}
56,Barium,Ba-141,18.27 m,B-,–,0.9624,0.9271,1.8895,{'La-141': 1.0}
56,Barium,Ba-142,10.6 m,B-,–,0.4141,1.0469,1.461,{'La-142': 1.0}
57,Lanthanum,La-128,5.18 m,ECB+,–,1.334,2.8283,4.1623,{'Ba-128': 1.0}
57,Lanthanum,La-129,11.6 m,ECB+,–,0.6135,0.9212,1.5347,"{'Ba-129': 0.92384, 'Ba-129m': 0.076164}"
57,Lanthanum,La-130,8.7 m,ECB+,–,1.1113,2.2324,3.3438,{'Ba-130': 1.0}
57,Lanthanum,La-131,59 m,ECB+,–,0.1963,0.6633,0.8596,{'Ba-131': 1.0}
57,Lanthanum,La-132,4.8 h,ECB+,–,0.5693,1.9952,2.5645,{'Ba-132': 1.0}
57,Lanthanum,La-132m,24.3 m,ITECB+,–,0.1126,0.6706,0.7832,"{'La-132': 0.76, 'Ba-132': 0.24}"
57,Lanthanum,La-133,3.912 h,ECB+,–,0.0503,0.1605,0.2108,{'Ba-133': 1.0}
57,Lanthanum,La-134,6.45 m,ECB+,–,0.7647,0.7196,1.4844,{'Ba-134': 1.0}
57,Lanthanum,La-135,19.5 h,ECB+,–,0.0067,0.0361,0.0428,{'Ba-135': 1.0}
57,Lanthanum,La-136,9.87 m,ECB+,–,0.2941,0.407,0.7011,{'Ba-136': 1.0}
57,Lanthanum,La-137,6.0E+4 y,EC,–,0.0065,0.025,0.0315,{'Ba-137': 1.0}
57,Lanthanum,La-138,1.02E+11 y,ECB-,–,0.0377,1.2316,1.2693,"{'Ba-138': 0.664, 'Ce-138': 0.336}"
57,Lanthanum,La-140,1.6781 d,B-,–,0.5346,2.3084,2.8429,{'Ce-140': 1.0}
57,Lanthanum,La-141,3.92 h,B-,–,0.9876,0.0268,1.0144,{'Ce-141': 1.0}
57,Lanthanum,La-142,91.1 m,B-,–,0.8697,2.3738,3.2435,{'Ce-142': 1.0}
57,Lanthanum,La-143,14.2 m,B-,–,1.2995,0.2631,1.5625,{'Ce-143': 1.0}
58,Cerium,Ce-130,22.9 m,ECB+,–,0.0738,0.5003,0.5741,{'La-130': 1.0}
58,Cerium,Ce-131,10.2 m,ECB+,–,0.6153,1.6267,2.242,{'La-131': 1.0}
58,Cerium,Ce-132,3.51 h,EC,–,0.018,0.2727,0.2908,{'La-132': 1.0}
58,Cerium,Ce-133,97 m,ECB+,–,0.3817,0.543,0.9247,{'La-133': 1.0}
58,Cerium,Ce-133m,4.9 h,ECB+,–,0.0739,1.7373,1.8112,{'La-133': 1.0}
58,Cerium,Ce-134,3.16 d,EC,–,0.0072,0.0281,0.0353,{'La-134': 1.0}
58,Cerium,Ce-135,17.7 h,ECB+,–,0.0296,0.8237,0.8533,{'La-135': 1.0}
58,Cerium,Ce-137,9.0 h,ECB+,–,0.0165,0.0388,0.0553,{'La-137': 1.0}
58,Cerium,Ce-137m,34.4 h,ITEC,–,0.2067,0.0558,0.2625,"{'Ce-137': 0.9922, 'La-137': 0.0078}"
58,Cerium,Ce-139,137.641 d,EC,–,0.0355,0.1599,0.1954,{'La-139': 1.0}
58,Cerium,Ce-141,32.508 d,B-,–,0.171,0.0768,0.2478,{'Pr-141': 1.0}
58,Cerium,Ce-143,33.039 h,B-,–,0.4364,0.2796,0.7159,{'Pr-143': 1.0}
58,Cerium,Ce-144,284.91 d,B-,–,0.0916,0.0194,0.111,"{'Pr-144': 0.99023, 'Pr-144m': 0.0097699}"
58,Cerium,Ce-145,3.01 m,B-,–,0.6794,0.8142,1.4937,{'Pr-145': 1.0}
59,Praseodymium,Pr-134,11 m,ECB+,–,1.0801,3.1504,4.2305,{'Ce-134': 1.0}
59,Praseodymium,Pr-134m,17 m,ECB+,–,1.5274,2.3101,3.8375,{'Ce-134': 1.0}
59,Praseodymium,Pr-135,24 m,ECB+,–,0.5793,0.8741,1.4534,{'Ce-135': 1.0}
59,Praseodymium,Pr-136,13.1 m,ECB+,–,0.7545,2.1458,2.9003,{'Ce-136': 1.0}
59,Praseodymium,Pr-137,1.28 h,ECB+,–,0.1947,0.3693,0.564,{'Ce-137': 1.0}
59,Praseodymium,Pr-138,1.45 m,ECB+,–,1.1617,0.8153,1.977,{'Ce-138': 1.0}
59,Praseodymium,Pr-138m,2.12 h,ECB+,–,0.2208,2.4776,2.6984,{'Ce-138': 1.0}
59,Praseodymium,Pr-139,4.41 h,ECB+,–,0.0478,0.1298,0.1777,{'Ce-139': 1.0}
59,Praseodymium,Pr-140,3.39 m,ECB+,–,0.5516,0.5467,1.0983,{'Ce-140': 1.0}
59,Praseodymium,Pr-142,19.12 h,B-EC,–,0.8098,0.0581,0.8679,"{'Nd-142': 0.99984, 'Ce-142': 0.000164}"
59,Praseodymium,Pr-142m,14.6 m,IT,–,0.0036,0.0001,0.0037,{'Pr-142': 1.0}
59,Praseodymium,Pr-143,13.57 d,B-,–,0.315,<E-04,0.315,{'Nd-143': 1.0}
59,Praseodymium,Pr-144,17.28 m,B-,–,1.2084,0.0289,1.2373,{'Nd-144': 1.0}
59,Praseodymium,Pr-144m,7.2 m,ITB-,–,0.0475,0.0134,0.0608,"{'Pr-144': 0.9993, 'Nd-144': 0.0007}"
59,Praseodymium,Pr-145,5.984 h,B-,–,0.6757,0.0186,0.6943,{'Nd-145': 1.0}
59,Praseodymium,Pr-146,24.15 m,B-,–,1.3277,1.0105,2.3382,{'Nd-146': 1.0}
59,Praseodymium,Pr-147,13.4 m,B-,–,0.8896,0.4887,1.3784,{'Nd-147': 1.0}
59,Praseodymium,Pr-148,2.29 m,B-,–,1.6637,0.9905,2.6542,{'Nd-148': 1.0}
59,Praseodymium,Pr-148m,2.01 m,B-,–,1.6807,0.9337,2.6144,{'Nd-148': 1.0}
60,Neodymium,Nd-134,8.5 m,ECB+,–,0.1728,0.5421,0.7149,{'Pr-134m': 1.0}
60,Neodymium,Nd-135,12.4 m,ECB+,–,1.0551,1.2617,2.3168,{'Pr-135': 1.0}
60,Neodymium,Nd-136,50.65 m,ECB+,–,0.0805,0.2793,0.3598,{'Pr-136': 1.0}
60,Neodymium,Nd-137,38.5 m,ECB+,–,0.3247,1.1789,1.5036,{'Pr-137': 1.0}
60,Neodymium,Nd-138,5.04 h,EC,–,0.0082,0.0438,0.052,{'Pr-138': 1.0}
60,Neodymium,Nd-139,29.7 m,ECB+,–,0.2084,0.4431,0.6515,{'Pr-139': 1.0}
60,Neodymium,Nd-139m,5.50 h,ECB+IT,–,0.0795,1.5852,1.6647,"{'Pr-139': 0.882, 'Nd-139': 0.118}"
60,Neodymium,Nd-140,3.37 d,EC,–,0.0069,0.0287,0.0357,{'Pr-140': 1.0}
60,Neodymium,Nd-141,2.49 h,ECB+,–,0.0165,0.0765,0.093,{'Pr-141': 1.0}
60,Neodymium,Nd-141m,62.0 s,ITECB+,–,0.0622,0.6947,0.7569,"{'Nd-141': 0.99968, 'Pr-141': 0.00032}"
60,Neodymium,Nd-144,2.29E+15 y,A,1.9052,–,–,1.9052,{'Ce-140': 1.0}
60,Neodymium,Nd-147,10.98 d,B-,–,0.2702,0.1408,0.4109,{'Pm-147': 1.0}
60,Neodymium,Nd-149,1.728 h,B-,–,0.5042,0.3713,0.8756,{'Pm-149': 1.0}
60,Neodymium,Nd-151,12.44 m,B-,–,0.6195,0.8518,1.4712,{'Pm-151': 1.0}
60,Neodymium,Nd-152,11.4 m,B-,–,0.3314,0.1644,0.4957,{'Pm-152': 1.0}
61,Promethium,Pm-136,107 s,ECB+,–,2.1436,2.7178,4.8614,{'Nd-136': 1.0}
61,Promethium,Pm-137m,2.4 m,ECB+,–,1.112,1.7835,2.8955,{'Nd-137': 1.0}
61,Promethium,Pm-139,4.15 m,ECB+,–,1.0416,0.939,1.9807,{'Nd-139': 1.0}
61,Promethium,Pm-140,9.2 s,ECB+,–,2.0432,1.0506,3.0937,{'Nd-140': 1.0}
61,Promethium,Pm-140m,5.95 m,ECB+,–,0.9932,3.0324,4.0256,{'Nd-140': 1.0}
61,Promethium,Pm-141,20.90 m,ECB+,–,0.6054,0.7349,1.3403,"{'Nd-141': 0.99833, 'Nd-141m': 0.0016651}"
61,Promethium,Pm-142,40.5 s,ECB+,–,1.3122,0.8561,2.1683,{'Nd-142': 1.0}
61,Promethium,Pm-143,265 d,EC,–,0.0083,0.3157,0.324,{'Nd-143': 1.0}
61,Promethium,Pm-144,363 d,EC,–,0.0171,1.5631,1.5802,{'Nd-144': 1.0}
61,Promethium,Pm-145,17.7 y,ECA,<E-04,0.0126,0.0315,0.0441,"{'Nd-145': 1.0, 'Pr-141': 2.8e-09}"
61,Promethium,Pm-146,5.53 y,ECB-,–,0.0941,0.7512,0.8453,"{'Sm-146': 0.34, 'Nd-146': 0.66}"
61,Promethium,Pm-147,2.6234 y,B-,–,0.0619,<E-04,0.0619,{'Sm-147': 1.0}
61,Promethium,Pm-148,5.368 d,B-,–,0.7284,0.5743,1.3028,{'Sm-148': 1.0}
61,Promethium,Pm-148m,41.29 d,B-IT,–,0.1699,1.9916,2.1615,"{'Sm-148': 0.958, 'Pm-148': 0.042}"
61,Promethium,Pm-149,53.08 h,B-,–,0.365,0.0119,0.3769,{'Sm-149': 1.0}
61,Promethium,Pm-150,2.68 h,B-,–,0.8101,1.4705,2.2806,{'Sm-150': 1.0}
61,Promethium,Pm-151,28.40 h,B-,–,0.3048,0.3289,0.6337,{'Sm-151': 1.0}
61,Promethium,Pm-152,4.12 m,B-,–,1.3283,0.2866,1.6149,{'Sm-152': 1.0}
61,Promethium,Pm-152m,7.52 m,B-,–,0.9055,1.5189,2.4244,{'Sm-152': 1.0}
61,Promethium,Pm-153,5.25 m,B-,–,0.6881,0.0764,0.7645,{'Sm-153': 1.0}
61,Promethium,Pm-154,1.73 m,B-,–,0.8706,1.7933,2.6638,{'Sm-154': 1.0}
61,Promethium,Pm-154m,2.68 m,B-,–,0.9492,1.7996,2.7488,{'Sm-154': 1.0}
62,Samarium,Sm-139,2.57 m,ECB+,–,1.0871,1.454,2.541,{'Pm-139': 1.0}
62,Samarium,Sm-140,14.82 m,ECB+,–,0.171,0.5677,0.7387,{'Pm-140': 1.0}
62,Samarium,Sm-141,10.2 m,ECB+,–,0.7126,1.4089,2.1215,{'Pm-141': 1.0}
62,Samarium,Sm-141m,22.6 m,ECB+IT,–,0.3995,1.9494,2.3489,"{'Pm-141': 0.9969, 'Sm-141': 0.0031}"
62,Samarium,Sm-142,72.49 m,ECB+,–,0.0446,0.1105,0.1551,{'Pm-142': 1.0}
62,Samarium,Sm-143,8.75 m,ECB+,–,0.4978,0.5289,1.0267,{'Pm-143': 1.0}
62,Samarium,Sm-143m,66 s,ITECB+,–,0.072,0.6844,0.7564,"{'Sm-143': 0.9976, 'Pm-143': 0.0024}"
62,Samarium,Sm-145,340 d,EC,–,0.0307,0.0642,0.095,{'Pm-145': 1.0}
62,Samarium,Sm-146,1.03E+8 y,A,2.529,–,–,2.529,{'Nd-142': 1.0}
62,Samarium,Sm-147,1.060E11 y,A,2.3105,–,–,2.3105,{'Nd-143': 1.0}
62,Samarium,Sm-148,7E+15 y,A,1.986,–,–,1.986,{'Nd-144': 1.0}
62,Samarium,Sm-151,90 y,B-,–,0.02,<E-04,0.02,{'Eu-151': 1.0}
62,Samarium,Sm-153,46.50 h,B-,–,0.2699,0.0643,0.3341,{'Eu-153': 1.0}
62,Samarium,Sm-155,22.3 m,B-,–,0.5674,0.1029,0.6703,{'Eu-155': 1.0}
62,Samarium,Sm-156,9.4 h,B-,–,0.2093,0.115,0.3242,{'Eu-156': 1.0}
62,Samarium,Sm-157,8.03 m,B-,–,0.875,0.4142,1.2892,{'Eu-157': 1.0}
63,Europium,Eu-142,2.34 s,ECB+,–,2.767,1.197,3.9641,{'Sm-142': 1.0}
63,Europium,Eu-142m,1.223 m,ECB+,–,1.7683,3.4305,5.1987,{'Sm-142': 1.0}
63,Europium,Eu-143,2.59 m,ECB+,–,1.3676,1.1227,2.4903,"{'Sm-143': 0.99879, 'Sm-143m': 0.0012069}"
63,Europium,Eu-144,10.2 s,ECB+,–,2.0761,1.0917,3.1678,{'Sm-144': 1.0}
63,Europium,Eu-145,5.93 d,ECB+,–,0.0254,1.2798,1.3052,{'Sm-145': 1.0}
63,Europium,Eu-146,4.61 d,ECB+,–,0.0455,2.4007,2.4462,{'Sm-146': 1.0}
63,Europium,Eu-147,24.1 d,ECB+A,<E-04,0.0431,0.4721,0.5152,"{'Sm-147': 0.99998, 'Pm-143': 2.2e-05}"
63,Europium,Eu-148,54.5 d,ECB+A,<E-04,0.0224,2.2287,2.2511,"{'Sm-148': 1.0, 'Pm-144': 9.4e-09}"
63,Europium,Eu-149,93.1 d,EC,–,0.0241,0.0661,0.0902,{'Sm-149': 1.0}
63,Europium,Eu-150,36.9 y,ECB+,–,0.0285,1.5554,1.5839,{'Sm-150': 1.0}
63,Europium,Eu-150m,12.8 h,B-ECB+,–,0.3122,0.0494,0.3615,"{'Gd-150': 0.89, 'Sm-150': 0.11}"
63,Europium,Eu-152,13.537 y,ECB+B-,–,0.1286,1.1759,1.3045,"{'Gd-152': 0.279, 'Sm-152': 0.721}"
63,Europium,Eu-152m,9.3116 h,B-ECB+,–,0.506,0.2963,0.8023,"{'Gd-152': 0.72, 'Sm-152': 0.28}"
63,Europium,Eu-152n,96 m,IT,–,0.0666,0.0753,0.1419,{'Eu-152': 1.0}
63,Europium,Eu-154,8.593 y,B-EC,–,0.273,1.2493,1.5223,"{'Gd-154': 0.9998, 'Sm-154': 0.0002}"
63,Europium,Eu-154m,46.0 m,IT,–,0.0745,0.0706,0.1451,{'Eu-154': 1.0}
63,Europium,Eu-155,4.7611 y,B-,–,0.0647,0.0612,0.1259,{'Gd-155': 1.0}
63,Europium,Eu-156,15.19 d,B-,–,0.4579,1.2342,1.692,{'Gd-156': 1.0}
63,Europium,Eu-157,15.18 h,B-,–,0.3961,0.293,0.6891,{'Gd-157': 1.0}
63,Europium,Eu-158,45.9 m,B-,–,0.892,1.2978,2.1898,{'Gd-158': 1.0}
63,Europium,Eu-159,18.1 m,B-,–,0.8923,0.3032,1.1954,{'Gd-159': 1.0}
64,Gadolinium,Gd-142,70.2 s,ECB+,–,0.739,1.0432,1.7822,{'Eu-142': 1.0}
64,Gadolinium,Gd-143m,110.0 s,ECB+,–,1.2854,2.1211,3.4065,{'Eu-143': 1.0}
64,Gadolinium,Gd-144,4.47 m,ECB+,–,0.5858,0.9086,1.4944,{'Eu-144': 1.0}
64,Gadolinium,Gd-145,23.0 m,ECB+,–,0.3456,2.4236,2.7692,{'Eu-145': 1.0}
64,Gadolinium,Gd-145m,85 s,ITECB+,–,0.1927,0.6814,0.8741,"{'Gd-145': 0.943, 'Eu-145': 0.057}"
64,Gadolinium,Gd-146,48.27 d,EC,–,0.1274,0.2526,0.38,{'Eu-146': 1.0}
64,Gadolinium,Gd-147,38.1 h,ECB+,–,0.0617,1.403,1.4647,{'Eu-147': 1.0}
64,Gadolinium,Gd-148,74.6 y,A,3.2712,–,–,3.2712,{'Sm-144': 1.0}
64,Gadolinium,Gd-149,9.28 d,ECB+,–,0.0686,0.5292,0.5978,{'Eu-149': 1.0}
64,Gadolinium,Gd-150,1.79E+6 y,A,2.809,–,–,2.809,{'Sm-146': 1.0}
64,Gadolinium,Gd-151,124 d,ECA,<E-04,0.0394,0.0708,0.1102,"{'Sm-147': 1e-08, 'Eu-151': 1.0}"
64,Gadolinium,Gd-152,1.08E+14 y,A,2.2046,–,–,2.2046,{'Sm-148': 1.0}
64,Gadolinium,Gd-153,240.4 d,EC,–,0.0438,0.1057,0.1494,{'Eu-153': 1.0}
64,Gadolinium,Gd-159,18.479 h,B-,–,0.3096,0.0539,0.3635,{'Tb-159': 1.0}
64,Gadolinium,Gd-162,8.4 m,B-,–,0.3387,0.417,0.7557,{'Tb-162': 1.0}
65,Terbium,Tb-146,23 s,ECB+,–,1.4644,3.6256,5.09,{'Gd-146': 1.0}
65,Terbium,Tb-147,1.64 h,ECB+,–,0.281,2.1845,2.4655,{'Gd-147': 1.0}
65,Terbium,Tb-147m,1.87 m,ECB+,–,0.3196,1.9116,2.2312,{'Gd-147': 1.0}
65,Terbium,Tb-148,60 m,ECB+,–,0.8411,2.359,3.2001,{'Gd-148': 1.0}
65,Terbium,Tb-148m,2.20 m,ECB+,–,0.3106,3.139,3.4495,{'Gd-148': 1.0}
65,Terbium,Tb-149,4.118 h,ECB+A,0.681,0.0871,1.3612,2.1292,"{'Gd-149': 0.833, 'Eu-145': 0.167}"
65,Terbium,Tb-149m,4.16 m,ECB+A,0.0009,0.2091,1.3748,1.5847,"{'Gd-149': 0.99978, 'Eu-145': 0.00022}"
65,Terbium,Tb-150,3.48 h,ECB+A,<E-04,0.289,2.4403,2.7293,"{'Gd-150': 1.0, 'Eu-146': 7e-06}"
65,Terbium,Tb-150m,5.8 m,ECB+,–,0.1267,2.5202,2.647,{'Gd-150': 1.0}
65,Terbium,Tb-151,17.609 h,ECB+A,0.0003,0.08,0.9941,1.0744,"{'Gd-151': 1.0, 'Eu-147': 9.5e-05}"
65,Terbium,Tb-151m,25 s,ITECB+,–,0.0793,0.0808,0.1601,"{'Tb-151': 0.934, 'Gd-151': 0.066}"
65,Terbium,Tb-152,17.5 h,ECB+,–,0.2503,1.4932,1.7436,{'Gd-152': 1.0}
65,Terbium,Tb-152m,4.2 m,ITECB+,–,0.152,0.7619,0.9139,"{'Tb-152': 0.788, 'Gd-152': 0.212}"
65,Terbium,Tb-153,2.34 d,ECB+,–,0.0481,0.3318,0.38,{'Gd-153': 1.0}
65,Terbium,Tb-154,21.5 h,ECB+,–,0.0681,2.2831,2.3512,{'Gd-154': 1.0}
65,Terbium,Tb-155,5.32 d,EC,–,0.0434,0.1777,0.2211,{'Gd-155': 1.0}
65,Terbium,Tb-156,5.35 d,EC,–,0.0835,1.9371,2.0206,{'Gd-156': 1.0}
65,Terbium,Tb-156m,24.4 h,IT,–,0.0171,0.037,0.054,{'Tb-156': 1.0}
65,Terbium,Tb-156n,5.3 h,IT,–,0.0874,0.0048,0.0922,{'Tb-156': 1.0}
65,Terbium,Tb-157,71 y,EC,–,0.0057,0.0057,0.0114,{'Gd-157': 1.0}
65,Terbium,Tb-158,180 y,ECB-,–,0.1117,0.8048,0.9165,"{'Gd-158': 0.834, 'Dy-158': 0.166}"
65,Terbium,Tb-160,72.3 d,B-,–,0.2593,1.1264,1.3856,{'Dy-160': 1.0}
65,Terbium,Tb-161,6.906 d,B-,–,0.2025,0.0365,0.239,{'Dy-161': 1.0}
65,Terbium,Tb-162,7.60 m,B-,–,0.5327,1.1066,1.6393,{'Dy-162': 1.0}
65,Terbium,Tb-163,19.5 m,B-,–,0.3597,0.7887,1.1484,{'Dy-163': 1.0}
65,Terbium,Tb-164,3.0 m,B-,–,0.8249,2.4455,3.2704,{'Dy-164': 1.0}
65,Terbium,Tb-165,2.11 m,B-,–,0.8966,0.8363,1.733,"{'Dy-165m': 0.89028, 'Dy-165': 0.10972}"
66,Dysprosium,Dy-148,3.3 m,ECB+,–,0.0278,0.717,0.7448,{'Tb-148': 1.0}
66,Dysprosium,Dy-149,4.20 m,ECB+,–,0.112,1.6222,1.7342,"{'Tb-149': 0.56682, 'Tb-149m': 0.43318}"
66,Dysprosium,Dy-150,7.17 m,ECB+A,1.5664,0.007,0.2785,1.8519,"{'Tb-150': 0.64, 'Gd-146': 0.36}"
66,Dysprosium,Dy-151,17.9 m,ECB+A,0.2341,0.0653,1.3723,1.6717,"{'Tb-151': 0.53377, 'Tb-151m': 0.41023, 'Gd-147': 0.056}"
66,Dysprosium,Dy-152,2.38 h,ECA,0.0037,0.013,0.2867,0.3034,"{'Tb-152': 0.999, 'Gd-148': 0.001}"
66,Dysprosium,Dy-153,6.4 h,ECB+A,0.0003,0.0901,0.8746,0.9651,"{'Tb-153': 1.0, 'Gd-149': 9.4e-05}"
66,Dysprosium,Dy-154,3.0E+6 y,A,2.947,–,–,2.947,{'Gd-150': 1.0}
66,Dysprosium,Dy-155,9.9 h,ECB+,–,0.0272,0.6687,0.6959,{'Tb-155': 1.0}
66,Dysprosium,Dy-157,8.14 h,EC,–,0.0138,0.3472,0.361,{'Tb-157': 1.0}
66,Dysprosium,Dy-159,144.4 d,EC,–,0.0131,0.0456,0.0587,{'Tb-159': 1.0}
66,Dysprosium,Dy-165,2.334 h,B-,–,0.4473,0.0267,0.474,{'Ho-165': 1.0}
66,Dysprosium,Dy-165m,1.257 m,ITB-,–,0.1049,0.0192,0.124,"{'Dy-165': 0.9776, 'Ho-165': 0.0224}"
66,Dysprosium,Dy-166,81.6 h,B-,–,0.1667,0.0433,0.21,{'Ho-166': 1.0}
66,Dysprosium,Dy-167,6.20 m,B-,–,0.7262,0.5326,1.2589,{'Ho-167': 1.0}
66,Dysprosium,Dy-168,8.7 m,B-,–,0.4332,0.3948,0.828,{'Ho-168': 1.0}
67,Holmium,Ho-150,76.8 s,ECB+,–,1.9857,1.8843,3.8701,{'Dy-150': 1.0}
67,Holmium,Ho-153,2.01 m,ECB+A,0.002,0.5387,1.0281,1.5689,"{'Dy-153': 0.99949, 'Tb-149m': 0.00051}"
67,Holmium,Ho-153m,9.3 m,ECB+A,0.0074,0.6952,1.0618,1.7644,"{'Dy-153': 0.9982, 'Tb-149': 0.0018}"
67,Holmium,Ho-154,11.76 m,ECB+A,0.0008,1.0927,1.8817,2.9752,"{'Dy-154': 0.99981, 'Tb-150': 0.00019}"
67,Holmium,Ho-154m,3.10 m,ECB+A,<E-04,0.5434,2.4367,2.9801,"{'Dy-154': 1.0, 'Tb-150m': 1e-05}"
67,Holmium,Ho-155,48 m,ECB+,–,0.2176,0.6142,0.8318,{'Dy-155': 1.0}
67,Holmium,Ho-156,56 m,ECB+,–,0.6655,2.1064,2.7719,{'Dy-156': 1.0}
67,Holmium,Ho-157,12.6 m,ECB+,–,0.0929,0.5835,0.6764,{'Dy-157': 1.0}
67,Holmium,Ho-159,33.05 m,ECB+,–,0.0576,0.3857,0.4433,{'Dy-159': 1.0}
67,Holmium,Ho-160,25.6 m,ECB+,–,0.0703,1.695,1.7653,{'Dy-160': 1.0}
67,Holmium,Ho-161,2.48 h,EC,–,0.0336,0.0582,0.0918,{'Dy-161': 1.0}
67,Holmium,Ho-162,15.0 m,ECB+,–,0.0598,0.164,0.2239,{'Dy-162': 1.0}
67,Holmium,Ho-162m,67.0 m,ITECB+,–,0.0739,0.5614,0.6353,"{'Ho-162': 0.62, 'Dy-162': 0.38}"
67,Holmium,Ho-163,4570 y,EC,–,0.0005,<E-04,0.0006,{'Dy-163': 1.0}
67,Holmium,Ho-164,29 m,ECB-,–,0.147,0.0297,0.1768,"{'Dy-164': 0.6, 'Er-164': 0.4}"
67,Holmium,Ho-164m,38.0 m,IT,–,0.0926,0.0472,0.1399,{'Ho-164': 1.0}
67,Holmium,Ho-166,26.80 h,B-,–,0.6963,0.0301,0.7264,{'Er-166': 1.0}
67,Holmium,Ho-166m,1.20E+3 y,B-,–,0.1497,1.6249,1.7746,{'Er-166': 1.0}
67,Holmium,Ho-167,3.1 h,B-,–,0.2329,0.3661,0.599,{'Er-167': 1.0}
67,Holmium,Ho-168,2.99 m,B-,–,0.8138,0.8762,1.6901,{'Er-168': 1.0}
67,Holmium,Ho-168m,132 s,IT,–,0.0518,0.0073,0.059,{'Ho-168': 1.0}
67,Holmium,Ho-170,2.76 m,B-,–,0.8366,1.7041,2.5407,{'Er-170': 1.0}
68,Erbium,Er-154,3.73 m,ECB+A,0.0201,0.0376,0.0759,0.1336,"{'Ho-154': 0.9953, 'Dy-150': 0.0047}"
68,Erbium,Er-156,19.5 m,EC,–,0.0943,0.0678,0.1621,{'Ho-156': 1.0}
68,Erbium,Er-159,36 m,ECB+,–,0.0738,0.9635,1.0373,{'Ho-159': 1.0}
68,Erbium,Er-161,3.21 h,ECB+,–,0.0522,0.9905,1.0427,{'Ho-161': 1.0}
68,Erbium,Er-163,75.0 m,ECB+,–,0.0081,0.0403,0.0484,{'Ho-163': 1.0}
68,Erbium,Er-165,10.36 h,EC,–,0.008,0.0379,0.0459,{'Ho-165': 1.0}
68,Erbium,Er-167m,2.269 s,IT,–,0.1111,0.0967,0.2078,{'Er-167': 1.0}
68,Erbium,Er-169,9.40 d,B-,–,0.1035,<E-04,0.1035,{'Tm-169': 1.0}
68,Erbium,Er-171,7.516 h,B-,–,0.4205,0.3731,0.7936,{'Tm-171': 1.0}
68,Erbium,Er-172,49.3 h,B-,–,0.1387,0.5166,0.6552,{'Tm-172': 1.0}
68,Erbium,Er-173,1.434 m,B-,–,0.7213,0.8313,1.5526,{'Tm-173': 1.0}
69,Thulium,Tm-161,30.2 m,ECB+,–,0.2308,1.2992,1.53,{'Er-161': 1.0}
69,Thulium,Tm-162,21.70 m,ECB+,–,0.5648,1.9155,2.4803,{'Er-162': 1.0}
69,Thulium,Tm-163,1.810 h,ECB+,–,0.0716,1.32,1.3916,{'Er-163': 1.0}
69,Thulium,Tm-164,2.0 m,ECB+,–,0.5994,0.776,1.3754,{'Er-164': 1.0}
69,Thulium,Tm-165,30.06 h,ECB+,–,0.0637,0.5625,0.6262,{'Er-165': 1.0}
69,Thulium,Tm-166,7.70 h,ECB+,–,0.0892,1.9768,2.066,{'Er-166': 1.0}
69,Thulium,Tm-167,9.25 d,EC,–,0.1332,0.1482,0.2814,{'Er-167': 1.0}
69,Thulium,Tm-168,93.1 d,ECB+B-,–,0.0847,1.2432,1.3279,"{'Er-168': 0.9999, 'Yb-168': 0.0001}"
69,Thulium,Tm-170,128.6 d,B-EC,–,0.328,0.0041,0.3321,"{'Yb-170': 0.99869, 'Er-170': 0.00131}"
69,Thulium,Tm-171,1.92 y,B-,–,0.0255,0.0006,0.0261,{'Yb-171': 1.0}
69,Thulium,Tm-172,63.6 h,B-,–,0.5327,0.4744,1.0072,{'Yb-172': 1.0}
69,Thulium,Tm-173,8.24 h,B-,–,0.3103,0.3885,0.6988,{'Yb-173': 1.0}
69,Thulium,Tm-174,5.4 m,B-,–,0.5129,1.7787,2.2915,{'Yb-174': 1.0}
69,Thulium,Tm-175,15.2 m,B-,–,0.5196,1.0848,1.6044,{'Yb-175': 1.0}
69,Thulium,Tm-176,1.85 m,B-,–,0.9972,1.9682,2.9654,{'Yb-176': 1.0}
70,Ytterbium,Yb-162,18.87 m,ECB+,–,0.0374,0.2519,0.2893,{'Tm-162': 1.0}
70,Ytterbium,Yb-163,11.05 m,ECB+,–,0.2718,0.7277,0.9996,{'Tm-163': 1.0}
70,Ytterbium,Yb-164,75.8 m,EC,–,0.0095,0.0542,0.0637,{'Tm-164': 1.0}
70,Ytterbium,Yb-165,9.9 m,ECB+,–,0.1518,0.339,0.4908,{'Tm-165': 1.0}
70,Ytterbium,Yb-166,56.7 h,EC,–,0.0417,0.0868,0.1285,{'Tm-166': 1.0}
70,Ytterbium,Yb-167,17.5 m,ECB+,–,0.0952,0.2696,0.3648,{'Tm-167': 1.0}
70,Ytterbium,Yb-169,32.026 d,EC,–,0.1471,0.3302,0.4773,{'Tm-169': 1.0}
70,Ytterbium,Yb-175,4.185 d,B-,–,0.1308,0.0391,0.1699,{'Lu-175': 1.0}
70,Ytterbium,Yb-177,1.911 h,B-,–,0.4358,0.1952,0.6309,{'Lu-177': 1.0}
70,Ytterbium,Yb-178,74 m,B-,–,0.1925,0.0381,0.2306,{'Lu-178': 1.0}
70,Ytterbium,Yb-179,8.0 m,B-,–,0.7093,0.9743,1.6836,{'Lu-179': 1.0}
71,Lutetium,Lu-165,10.74 m,ECB+,–,0.3751,1.1102,1.4853,{'Yb-165': 1.0}
71,Lutetium,Lu-167,51.5 m,ECB+,–,0.1109,1.692,1.803,{'Yb-167': 1.0}
71,Lutetium,Lu-169,34.06 h,ECB+,–,0.0477,1.3166,1.3643,{'Yb-169': 1.0}
71,Lutetium,Lu-169m,160 s,IT,–,0.0274,0.0017,0.029,{'Lu-169': 1.0}
71,Lutetium,Lu-170,2.012 d,ECB+,–,0.0585,2.5636,2.622,{'Yb-170': 1.0}
71,Lutetium,Lu-171,8.24 d,ECB+,–,0.0928,0.6503,0.7431,{'Yb-171': 1.0}
71,Lutetium,Lu-171m,79 s,IT,–,0.0691,0.0021,0.0711,{'Lu-171': 1.0}
71,Lutetium,Lu-172,6.70 d,ECB+,–,0.1154,1.9565,2.0718,{'Yb-172': 1.0}
71,Lutetium,Lu-172m,3.7 m,IT,–,0.0404,0.0015,0.0419,{'Lu-172': 1.0}
71,Lutetium,Lu-173,1.37 y,EC,–,0.0526,0.1834,0.236,{'Yb-173': 1.0}
71,Lutetium,Lu-174,3.31 y,ECB+,–,0.0458,0.1163,0.1621,{'Yb-174': 1.0}
71,Lutetium,Lu-174m,142 d,ITEC,–,0.1188,0.0626,0.1814,"{'Lu-174': 0.9938, 'Yb-174': 0.0062}"
71,Lutetium,Lu-176,3.85E+10 y,B-,–,0.3026,0.4799,0.7825,{'Hf-176': 1.0}
71,Lutetium,Lu-176m,3.635 h,B-EC,–,0.4783,0.0146,0.4929,"{'Hf-176': 0.99905, 'Yb-176': 0.00095}"
71,Lutetium,Lu-177,6.647 d,B-,–,0.1479,0.0351,0.183,{'Hf-177': 1.0}
71,Lutetium,Lu-177m,160.4 d,B-IT,–,0.2687,1.0005,1.2692,"{'Lu-177': 0.217, 'Hf-177': 0.783}"
71,Lutetium,Lu-178,28.4 m,B-,–,0.7561,0.1256,0.8817,{'Hf-178': 1.0}
71,Lutetium,Lu-178m,23.1 m,B-,–,0.4907,1.0481,1.5389,{'Hf-178': 1.0}
71,Lutetium,Lu-179,4.59 h,B-,–,0.4869,0.0298,0.5167,{'Hf-179': 1.0}
71,Lutetium,Lu-180,5.7 m,B-,–,0.6352,1.5148,2.1499,{'Hf-180': 1.0}
71,Lutetium,Lu-181,3.5 m,B-,–,0.8512,0.574,1.4252,{'Hf-181': 1.0}
72,Hafnium,Hf-167,2.05 m,ECB+,–,0.4952,0.6171,1.1123,{'Lu-167': 1.0}
72,Hafnium,Hf-169,3.24 m,ECB+,–,0.1309,0.6416,0.7725,"{'Lu-169': 0.96904, 'Lu-169m': 0.03096}"
72,Hafnium,Hf-170,16.01 h,EC,–,0.0687,0.4403,0.509,{'Lu-170': 1.0}
72,Hafnium,Hf-172,1.87 y,EC,–,0.0828,0.1062,0.189,{'Lu-172m': 1.0}
72,Hafnium,Hf-173,23.6 h,ECB+,–,0.0524,0.397,0.4494,{'Lu-173': 1.0}
72,Hafnium,Hf-174,2.0E+15 y,A,2.4948,–,–,2.4948,{'Yb-170': 1.0}
72,Hafnium,Hf-175,70 d,EC,–,0.045,0.3534,0.3984,{'Lu-175': 1.0}
72,Hafnium,Hf-177m,51.4 m,IT,–,0.5078,2.2864,2.7941,{'Hf-177': 1.0}
72,Hafnium,Hf-178m,31 y,IT,–,0.2113,2.2383,2.4496,{'Hf-178': 1.0}
72,Hafnium,Hf-179m,25.05 d,IT,–,0.1897,0.9207,1.1104,{'Hf-179': 1.0}
72,Hafnium,Hf-180m,5.5 h,ITB-,–,0.1437,0.9884,1.1321,"{'Hf-180': 0.997, 'Ta-180m': 0.003}"
72,Hafnium,Hf-181,42.39 d,B-,–,0.2052,0.5324,0.7377,{'Ta-181': 1.0}
72,Hafnium,Hf-182,9E+6 y,B-,–,0.0632,0.2397,0.303,{'Ta-182': 1.0}
72,Hafnium,Hf-182m,61.5 m,B-IT,–,0.2441,0.9135,1.1575,"{'Ta-182': 0.4907, 'Hf-182': 0.42, 'Ta-182m': 0.08928}"
72,Hafnium,Hf-183,1.067 h,B-,–,0.4478,0.7749,1.2227,{'Ta-183': 1.0}
72,Hafnium,Hf-184,4.12 h,B-,–,0.4787,0.2387,0.7174,{'Ta-184': 1.0}
73,Tantalum,Ta-170,6.76 m,ECB+,–,1.6049,1.0602,2.6652,{'Hf-170': 1.0}
73,Tantalum,Ta-172,36.8 m,ECB+,–,0.5513,1.6967,2.248,{'Hf-172': 1.0}
73,Tantalum,Ta-173,3.14 h,ECB+,–,0.1686,0.5824,0.751,{'Hf-173': 1.0}
73,Tantalum,Ta-174,1.14 h,ECB+,–,0.467,0.9767,1.4438,{'Hf-174': 1.0}
73,Tantalum,Ta-175,10.5 h,ECB+,–,0.0663,1.1126,1.179,{'Hf-175': 1.0}
73,Tantalum,Ta-176,8.09 h,ECB+,–,0.0849,2.2322,2.3171,{'Hf-176': 1.0}
73,Tantalum,Ta-177,56.56 h,EC,–,0.024,0.0678,0.0917,{'Hf-177': 1.0}
73,Tantalum,Ta-178,9.31 m,ECB+,–,0.0391,0.1218,0.1609,{'Hf-178': 1.0}
73,Tantalum,Ta-178m,2.36 h,EC,–,0.1616,1.1558,1.3174,{'Hf-178': 1.0}
73,Tantalum,Ta-179,1.82 y,EC,–,0.0078,0.0256,0.0334,{'Hf-179': 1.0}
73,Tantalum,Ta-180,8.152 h,ECB-,–,0.0565,0.0482,0.1048,"{'Hf-180': 0.86, 'W-180': 0.14}"
73,Tantalum,Ta-182,114.43 d,B-,–,0.2105,1.2918,1.5023,{'W-182': 1.0}
73,Tantalum,Ta-182m,15.84 m,IT,–,0.2665,0.2659,0.5324,{'Ta-182': 1.0}
73,Tantalum,Ta-183,5.1 d,B-,–,0.3537,0.2963,0.6499,{'W-183': 1.0}
73,Tantalum,Ta-184,8.7 h,B-,–,0.5426,1.5727,2.1152,{'W-184': 1.0}
73,Tantalum,Ta-185,49.4 m,B-,–,0.7416,0.1547,0.8963,{'W-185': 1.0}
73,Tantalum,Ta-186,10.5 m,B-,–,1.071,1.4202,2.4912,{'W-186': 1.0}
74,Tungsten,W-177,132 m,ECB+,–,0.097,0.9185,1.0155,{'Ta-177': 1.0}
74,Tungsten,W-178,21.6 d,EC,–,0.0075,0.0164,0.0239,{'Ta-178': 1.0}
74,Tungsten,W-179,37.05 m,EC,–,0.0326,0.0554,0.088,{'Ta-179': 1.0}
74,Tungsten,W-179m,6.40 m,ITEC,–,0.1661,0.0561,0.2221,"{'W-179': 0.9972, 'Ta-179': 0.0028}"
74,Tungsten,W-181,121.2 d,EC,–,0.0129,0.0404,0.0533,{'Ta-181': 1.0}
74,Tungsten,W-185,75.1 d,B-,–,0.127,<E-04,0.127,{'Re-185': 1.0}
74,Tungsten,W-185m,1.597 m,IT,–,0.1738,0.0287,0.2025,{'W-185': 1.0}
74,Tungsten,W-187,23.72 h,B-,–,0.2995,0.4483,0.7478,{'Re-187': 1.0}
74,Tungsten,W-188,69.78 d,B-,–,0.0997,0.0019,0.1016,{'Re-188': 1.0}
74,Tungsten,W-190,30.0 m,B-,–,0.4771,0.1511,0.6282,{'Re-190': 1.0}
75,Rhenium,Re-178,13.2 m,ECB+,–,0.6192,1.7085,2.3277,{'W-178': 1.0}
75,Rhenium,Re-179,19.5 m,ECB+,–,0.0668,1.0841,1.1509,"{'W-179': 0.76079, 'W-179m': 0.23921}"
75,Rhenium,Re-180,2.44 m,ECB+,–,0.172,1.2028,1.3748,{'W-180': 1.0}
75,Rhenium,Re-181,19.9 h,ECB+,–,0.136,0.8044,0.9404,{'W-181': 1.0}
75,Rhenium,Re-182,64.0 h,EC,–,0.2045,1.7982,2.0027,{'W-182': 1.0}
75,Rhenium,Re-182m,12.7 h,ECB+,–,0.0922,1.2214,1.3136,{'W-182': 1.0}
75,Rhenium,Re-183,70.0 d,EC,–,0.1093,0.1575,0.2667,{'W-183': 1.0}
75,Rhenium,Re-184,38.0 d,ECB+,–,0.0562,0.8919,0.9481,{'W-184': 1.0}
75,Rhenium,Re-184m,169 d,ITEC,–,0.1413,0.3836,0.5249,"{'Re-184': 0.754, 'W-184': 0.246}"
75,Rhenium,Re-186,3.7183 d,B-EC,–,0.3362,0.0208,0.357,"{'Os-186': 0.9253, 'W-186': 0.0747}"
75,Rhenium,Re-186m,2.00E+5 y,IT,–,0.1267,0.0207,0.1474,{'Re-186': 1.0}
75,Rhenium,Re-187,4.12E+10 y,B-,–,0.0006,–,0.0006,{'Os-187': 1.0}
75,Rhenium,Re-188,17.0040 h,B-,–,0.7793,0.0613,0.8406,{'Os-188': 1.0}
75,Rhenium,Re-188m,18.59 m,IT,–,0.0976,0.0715,0.1692,{'Re-188': 1.0}
75,Rhenium,Re-189,24.3 h,B-,–,0.326,0.0556,0.3816,"{'Os-189m': 0.12211, 'Os-189': 0.87789}"
75,Rhenium,Re-190,3.1 m,B-,–,0.6863,1.3376,2.0239,{'Os-190': 1.0}
75,Rhenium,Re-190m,3.2 h,B-IT,–,0.4456,0.9257,1.3714,"{'Re-190': 0.456, 'Os-190': 0.544}"
76,Osmium,Os-180,21.5 m,ECB+,–,0.0298,0.1265,0.1564,{'Re-180': 1.0}
76,Osmium,Os-181,105 m,ECB+,–,0.0918,1.3835,1.4753,{'Re-181': 1.0}
76,Osmium,Os-182,22.10 h,EC,–,0.0565,0.4317,0.4882,{'Re-182m': 1.0}
76,Osmium,Os-183,13.0 h,ECB+,–,0.0792,0.6288,0.7081,{'Re-183': 1.0}
76,Osmium,Os-183m,9.9 h,ECB+IT,–,0.0416,1.0062,1.0478,"{'Re-183': 0.85, 'Os-183': 0.15}"
76,Osmium,Os-185,93.6 d,EC,–,0.0184,0.6917,0.7101,{'Re-185': 1.0}
76,Osmium,Os-186,2.0E+15 y,A,2.822,–,–,2.822,{'W-182': 1.0}
76,Osmium,Os-189m,5.8 h,IT,–,0.0286,0.0023,0.0309,{'Os-189': 1.0}
76,Osmium,Os-190m,9.9 m,IT,–,0.1166,1.5894,1.7059,{'Os-190': 1.0}
76,Osmium,Os-191,15.4 d,B-,–,0.1372,0.0843,0.2215,{'Ir-191': 1.0}
76,Osmium,Os-191m,13.10 h,IT,–,0.0664,0.008,0.0744,{'Os-191': 1.0}
76,Osmium,Os-193,30.11 h,B-,–,0.3797,0.0674,0.4471,"{'Ir-193m': 0.0034757, 'Ir-193': 0.99652}"
76,Osmium,Os-194,6.0 y,B-,–,0.0453,0.0045,0.0498,{'Ir-194': 1.0}
76,Osmium,Os-196,34.9 m,B-,–,0.3807,0.0805,0.4612,{'Ir-196': 1.0}
77,Iridium,Ir-180,1.5 m,ECB+,–,1.2439,1.5955,2.8394,{'Os-180': 1.0}
77,Iridium,Ir-182,15 m,ECB+,–,1.0474,1.4121,2.4595,{'Os-182': 1.0}
77,Iridium,Ir-183,58 m,ECB+,–,0.1516,1.1889,1.3404,"{'Os-183m': 0.70972, 'Os-183': 0.29028}"
77,Iridium,Ir-184,3.09 h,ECB+,–,0.3194,1.9644,2.2838,{'Os-184': 1.0}
77,Iridium,Ir-185,14.4 h,ECB+,–,0.1228,0.8581,0.9809,{'Os-185': 1.0}
77,Iridium,Ir-186,16.64 h,ECB+,–,0.1453,1.6651,1.8104,{'Os-186': 1.0}
77,Iridium,Ir-186m,1.92 h,ECB+IT,–,0.1103,1.2523,1.3626,"{'Os-186': 0.75, 'Ir-186': 0.25}"
77,Iridium,Ir-187,10.5 h,ECB+,–,0.0568,0.3325,0.3892,{'Os-187': 1.0}
77,Iridium,Ir-188,41.5 h,ECB+,–,0.0508,2.0974,2.1483,{'Os-188': 1.0}
77,Iridium,Ir-189,13.2 d,EC,–,0.0458,0.0793,0.1251,"{'Os-189m': 0.074264, 'Os-189': 0.92574}"
77,Iridium,Ir-190,11.78 d,EC,–,0.0746,1.4768,1.5514,{'Os-190': 1.0}
77,Iridium,Ir-190m,1.120 h,IT,–,0.024,0.0024,0.0264,{'Ir-190': 1.0}
77,Iridium,Ir-190n,3.087 h,ECIT,–,0.0289,0.0577,0.0867,"{'Os-190m': 0.914, 'Ir-190': 0.086}"
77,Iridium,Ir-191m,4.94 s,IT,–,0.0971,0.0764,0.1735,{'Ir-191': 1.0}
77,Iridium,Ir-192,73.827 d,B-EC,–,0.2177,0.8165,1.0342,"{'Pt-192': 0.9513, 'Os-192': 0.0487}"
77,Iridium,Ir-192m,1.45 m,ITB-,–,0.054,0.0029,0.0569,"{'Ir-192': 0.99983, 'Pt-192': 0.000175}"
77,Iridium,Ir-192n,241 y,IT,–,0.1617,0.0066,0.1682,{'Ir-192': 1.0}
77,Iridium,Ir-193m,10.53 d,IT,–,0.0776,0.0027,0.0803,{'Ir-193': 1.0}
77,Iridium,Ir-194,19.28 h,B-,–,0.8105,0.0911,0.9015,{'Pt-194': 1.0}
77,Iridium,Ir-194m,171 d,B-,–,0.1422,2.3339,2.4761,{'Pt-194': 1.0}
77,Iridium,Ir-195,2.5 h,B-,–,0.3803,0.0593,0.4397,{'Pt-195': 1.0}
77,Iridium,Ir-195m,3.8 h,B-IT,–,0.2606,0.3766,0.6372,"{'Pt-195m': 0.43692, 'Ir-195': 0.05, 'Pt-195': 0.51308}"
77,Iridium,Ir-196,52 s,B-,–,1.1738,0.2322,1.406,{'Pt-196': 1.0}
77,Iridium,Ir-196m,1.40 h,B-,–,0.3844,2.4677,2.8522,{'Pt-196': 1.0}
78,Platinum,Pt-184,17.3 m,ECB+A,<E-04,0.2004,0.7266,0.9271,"{'Ir-184': 1.0, 'Os-180': 1.7e-05}"
78,Platinum,Pt-186,2.08 h,ECA,<E-04,0.0451,0.6844,0.7296,"{'Ir-186m': 0.81942, 'Ir-186': 0.18058, 'Os-182': 1e-06}"
78,Platinum,Pt-187,2.35 h,ECB+,–,0.1549,0.6183,0.7732,{'Ir-187': 1.0}
78,Platinum,Pt-188,10.2 d,ECA,<E-04,0.0823,0.2055,0.2878,"{'Ir-188': 1.0, 'Os-184': 2.9e-07}"
78,Platinum,Pt-189,10.87 h,ECB+,–,0.0996,0.487,0.5867,{'Ir-189': 1.0}
78,Platinum,Pt-190,6.50E+11 y,A,3.249,–,–,3.249,{'Os-186': 1.0}
78,Platinum,Pt-191,2.802 d,EC,–,0.0749,0.296,0.3709,{'Ir-191': 1.0}
78,Platinum,Pt-193,50 y,EC,–,0.0071,0.0026,0.0097,{'Ir-193': 1.0}
78,Platinum,Pt-193m,4.33 d,IT,–,0.1377,0.0132,0.151,{'Pt-193': 1.0}
78,Platinum,Pt-195m,4.02 d,IT,–,0.1845,0.0772,0.2617,{'Pt-195': 1.0}
78,Platinum,Pt-197,19.8915 h,B-,–,0.2552,0.0256,0.2809,{'Au-197': 1.0}
78,Platinum,Pt-197m,95.41 m,ITB-,–,0.325,0.0839,0.4089,"{'Pt-197': 0.967, 'Au-197': 0.033}"
78,Platinum,Pt-199,30.80 m,B-,–,0.5455,0.1995,0.745,{'Au-199': 1.0}
78,Platinum,Pt-200,12.5 h,B-,–,0.2321,0.0605,0.2926,{'Au-200': 1.0}
78,Platinum,Pt-202,44 h,B-,–,0.6537,–,0.6537,{'Au-202': 1.0}
79,Gold,Au-186,10.7 m,ECB+,–,1.0751,1.4983,2.5735,{'Pt-186': 1.0}
79,Gold,Au-187,8.4 m,ECB+A,0.0001,0.136,1.0652,1.2014,"{'Pt-187': 1.0, 'Ir-183': 3e-05}"
79,Gold,Au-190,42.8 m,ECB+,–,0.2129,2.3807,2.5936,{'Pt-190': 1.0}
79,Gold,Au-191,3.18 h,ECB+,–,0.0865,0.5946,0.6811,{'Pt-191': 1.0}
79,Gold,Au-192,4.94 h,ECB+,–,0.0904,1.9392,2.0296,{'Pt-192': 1.0}
79,Gold,Au-193,17.65 h,EC,–,0.0575,0.1673,0.2249,{'Pt-193': 1.0}
79,Gold,Au-193m,3.9 s,ITEC,–,0.0904,0.1979,0.2883,"{'Au-193': 0.9997, 'Pt-193m': 0.0003}"
79,Gold,Au-194,38.02 h,ECB+,–,0.0421,1.0386,1.0806,{'Pt-194': 1.0}
79,Gold,Au-195,186.098 d,EC,–,0.052,0.0839,0.1359,{'Pt-195': 1.0}
79,Gold,Au-195m,30.5 s,IT,–,0.1172,0.2014,0.3186,{'Au-195': 1.0}
79,Gold,Au-196,6.183 d,ECB-,–,0.0372,0.4734,0.5105,"{'Pt-196': 0.928, 'Hg-196': 0.072}"
79,Gold,Au-196m,9.6 h,IT,–,0.376,0.2473,0.6233,{'Au-196': 1.0}
79,Gold,Au-198,2.69517 d,B-,–,0.3277,0.4029,0.7306,{'Hg-198': 1.0}
79,Gold,Au-198m,2.27 d,IT,–,0.2748,0.5332,0.808,{'Au-198': 1.0}
79,Gold,Au-199,3.139 d,B-,–,0.1451,0.0961,0.2412,{'Hg-199': 1.0}
79,Gold,Au-200,48.4 m,B-,–,0.7303,0.2737,1.0041,{'Hg-200': 1.0}
79,Gold,Au-200m,18.7 h,B-IT,–,0.2433,1.9843,2.2276,"{'Au-200': 0.18, 'Hg-200': 0.82}"
79,Gold,Au-201,26 m,B-,–,0.4259,0.0346,0.4605,{'Hg-201': 1.0}
79,Gold,Au-202,28.8 s,B-,–,1.0749,0.172,1.2469,{'Hg-202': 1.0}
80,Mercury,Hg-190,20.0 m,ECB+,–,0.0539,0.2018,0.2557,{'Au-190': 1.0}
80,Mercury,Hg-191m,50.8 m,ECB+,–,0.1378,1.4895,1.6273,{'Au-191': 1.0}
80,Mercury,Hg-192,4.85 h,EC,–,0.0636,0.2749,0.3385,{'Au-192': 1.0}
80,Mercury,Hg-193,3.80 h,ECB+,–,0.074,0.8377,0.9117,"{'Au-193': 0.96459, 'Au-193m': 0.035408}"
80,Mercury,Hg-193m,11.8 h,ECB+IT,–,0.047,1.0239,1.0709,"{'Au-193m': 0.89197, 'Hg-193': 0.071, 'Au-193': 0.037027}"
80,Mercury,Hg-194,440 y,EC,–,0.0078,0.0027,0.0106,{'Au-194': 1.0}
80,Mercury,Hg-195,10.53 h,ECB+,–,0.065,0.2008,0.2658,{'Au-195': 1.0}
80,Mercury,Hg-195m,41.6 h,ITECB+,–,0.148,0.2047,0.3527,"{'Hg-195': 0.542, 'Au-195': 0.458}"
80,Mercury,Hg-197,64.94 h,EC,–,0.0702,0.074,0.1442,{'Au-197': 1.0}
80,Mercury,Hg-197m,23.8 h,ITEC,–,0.217,0.0977,0.3148,"{'Hg-197': 0.914, 'Au-197': 0.086}"
80,Mercury,Hg-199m,42.66 m,IT,–,0.3487,0.1836,0.5323,{'Hg-199': 1.0}
80,Mercury,Hg-203,46.612 d,B-,–,0.099,0.238,0.337,{'Tl-203': 1.0}
80,Mercury,Hg-205,5.2 m,B-,–,0.539,0.0053,0.5444,{'Tl-205': 1.0}
80,Mercury,Hg-206,8.15 m,B-,–,0.4211,0.1215,0.5426,{'Tl-206': 1.0}
80,Mercury,Hg-207,2.9 m,B-,–,0.8262,2.6614,3.4876,{'Tl-207': 1.0}
81,Thallium,Tl-190,2.6 m,ECB+,–,1.5288,1.2914,2.8202,{'Hg-190': 1.0}
81,Thallium,Tl-190m,3.7 m,ECB+,–,0.7985,2.455,3.2535,{'Hg-190': 1.0}
81,Thallium,Tl-194,33.0 m,ECB+,–,0.5972,0.9143,1.5115,{'Hg-194': 1.0}
81,Thallium,Tl-194m,32.8 m,ECB+,–,0.3037,2.5218,2.8255,{'Hg-194': 1.0}
81,Thallium,Tl-195,1.16 h,ECB+,–,0.074,1.225,1.2991,"{'Hg-195': 0.99656, 'Hg-195m': 0.0034358}"
81,Thallium,Tl-196,1.84 h,ECB+,–,0.1782,1.8734,2.0516,{'Hg-196': 1.0}
81,Thallium,Tl-197,2.84 h,ECB+,–,0.0544,0.4587,0.513,{'Hg-197': 1.0}
81,Thallium,Tl-198,5.3 h,ECB+,–,0.0414,2.0108,2.0522,{'Hg-198': 1.0}
81,Thallium,Tl-198m,1.87 h,ECB+IT,–,0.2006,1.2168,1.4175,"{'Tl-198': 0.46, 'Hg-198': 0.54}"
81,Thallium,Tl-199,7.42 h,ECB+,–,0.06,0.252,0.312,{'Hg-199': 1.0}
81,Thallium,Tl-200,26.1 h,ECB+,–,0.0408,1.3106,1.3514,{'Hg-200': 1.0}
81,Thallium,Tl-201,72.912 h,EC,–,0.0447,0.0938,0.1385,{'Hg-201': 1.0}
81,Thallium,Tl-202,12.23 d,EC,–,0.0233,0.4658,0.4891,{'Hg-202': 1.0}
81,Thallium,Tl-204,3.78 y,B-EC,–,0.2372,0.0013,0.2385,"{'Pb-204': 0.971, 'Hg-204': 0.029}"
81,Thallium,Tl-206,4.200 m,B-,–,0.5398,0.0001,0.5399,{'Pb-206': 1.0}
81,Thallium,Tl-206m,3.74 m,IT,–,0.2003,2.4192,2.6195,{'Tl-206': 1.0}
81,Thallium,Tl-207,4.77 m,B-,–,0.4952,0.0024,0.4975,{'Pb-207': 1.0}
81,Thallium,Tl-208,3.053 m,B-,–,0.6113,3.3603,3.9716,{'Pb-208': 1.0}
81,Thallium,Tl-209,2.161 m,B-,–,0.6875,2.1426,2.8302,{'Pb-209': 1.0}
81,Thallium,Tl-210,1.30 m,B-,–,1.2699,2.7632,4.0331,{'Pb-210': 1.0}
82,Lead,Pb-194,12.0 m,ECB+A,<E-04,0.0844,1.0832,1.1677,"{'Tl-194': 1.0, 'Hg-190': 7.3e-08}"
82,Lead,Pb-195m,15 m,ECB+,–,0.3167,1.6547,1.9714,{'Tl-195': 1.0}
82,Lead,Pb-196,37 m,ECB+,–,0.0969,0.494,0.5909,{'Tl-196': 1.0}
82,Lead,Pb-197,8 m,ECB+,–,0.0818,1.5319,1.6137,{'Tl-197': 1.0}
82,Lead,Pb-197m,43 m,ECB+IT,–,0.2477,1.1732,1.4209,"{'Tl-197': 0.81, 'Pb-197': 0.19}"
82,Lead,Pb-198,2.4 h,EC,–,0.0781,0.4385,0.5166,{'Tl-198': 1.0}
82,Lead,Pb-199,90 m,ECB+,–,0.0584,1.0394,1.0978,{'Tl-199': 1.0}
82,Lead,Pb-200,21.5 h,EC,–,0.0997,0.2086,0.3083,{'Tl-200': 1.0}
82,Lead,Pb-201,9.33 h,ECB+,–,0.0594,0.7562,0.8156,{'Tl-201': 1.0}
82,Lead,Pb-201m,61 s,IT,–,0.2633,0.3658,0.6291,{'Pb-201': 1.0}
82,Lead,Pb-202,5.25E+4 y,ECA,0.026,0.0061,0.0025,0.0346,"{'Tl-202': 0.99, 'Hg-198': 0.01}"
82,Lead,Pb-202m,3.53 h,ITEC,–,0.1321,1.9925,2.1246,"{'Pb-202': 0.905, 'Tl-202': 0.095}"
82,Lead,Pb-203,51.873 h,EC,–,0.053,0.3143,0.3672,{'Tl-203': 1.0}
82,Lead,Pb-204m,67.2 m,IT,–,0.103,2.0634,2.1664,{'Pb-204': 1.0}
82,Lead,Pb-205,1.53E+7 y,EC,–,0.0062,0.0025,0.0087,{'Tl-205': 1.0}
82,Lead,Pb-209,3.253 h,B-,–,0.1974,–,0.1974,{'Bi-209': 1.0}
82,Lead,Pb-210,22.20 y,B-A,<E-04,0.0404,0.0053,0.0457,"{'Bi-210': 1.0, 'Hg-206': 1.9e-08}"
82,Lead,Pb-211,36.1 m,B-,–,0.4543,0.0644,0.5187,{'Bi-211': 1.0}
82,Lead,Pb-212,10.64 h,B-,–,0.1766,0.145,0.3217,{'Bi-212': 1.0}
82,Lead,Pb-214,26.8 m,B-,–,0.2948,0.2533,0.5481,{'Bi-214': 1.0}
83,Bismuth,Bi-197,9.3 m,ECB+,–,0.2887,1.6992,1.9879,"{'Pb-197': 0.56103, 'Pb-197m': 0.43897}"
83,Bismuth,Bi-200,36.4 m,ECB+,–,0.2469,2.4355,2.6825,{'Pb-200': 1.0}
83,Bismuth,Bi-201,108 m,ECB+,–,0.0612,1.7304,1.7916,"{'Pb-201': 0.54833, 'Pb-201m': 0.45167}"
83,Bismuth,Bi-202,1.72 h,ECB+,–,0.1515,2.7561,2.9076,{'Pb-202': 1.0}
83,Bismuth,Bi-203,11.76 h,ECB+,–,0.0809,2.385,2.4659,{'Pb-203': 1.0}
83,Bismuth,Bi-204,11.22 h,ECB+,–,0.0807,2.9162,2.9968,"{'Pb-204m': 0.098525, 'Pb-204': 0.90148}"
83,Bismuth,Bi-205,15.31 d,ECB+,–,0.0346,1.6913,1.7259,{'Pb-205': 1.0}
83,Bismuth,Bi-206,6.243 d,ECB+,–,0.1379,3.2796,3.4175,{'Pb-206': 1.0}
83,Bismuth,Bi-207,32.9 y,ECB+,–,0.1193,1.537,1.6563,{'Pb-207': 1.0}
83,Bismuth,Bi-208,3.68E+5 y,EC,–,0.0144,2.646,2.6604,{'Pb-208': 1.0}
83,Bismuth,Bi-210,5.013 d,B-A,<E-04,0.3889,<E-04,0.3889,"{'Po-210': 1.0, 'Tl-206': 1.32e-06}"
83,Bismuth,Bi-210m,3.04E+6 y,A,5.0064,0.0475,0.2607,5.3146,"{'Tl-206': 1.0, 'Tl-207': 0.99724, 'Po-211': 0.00276}"
83,Bismuth,Bi-212,60.55 m,B-A,2.2164,0.5046,0.1038,2.8247,"{'Po-212': 0.6406, 'Tl-208': 0.3594}"
83,Bismuth,Bi-212n,7.0 m,B-,–,0.5351,–,0.5351,{'Po-212m': 1.0}
83,Bismuth,Bi-213,45.59 m,B-A,0.1245,0.444,0.1277,0.6963,"{'Po-213': 0.9791, 'Tl-209': 0.0209}"
83,Bismuth,Bi-214,19.9 m,B-A,0.0012,0.6631,1.4793,2.1436,"{'Po-214': 0.99979, 'Tl-210': 0.00021}"
83,Bismuth,Bi-215,7.6 m,B-,–,0.6694,0.2534,0.9228,{'Po-215': 1.0}
83,Bismuth,Bi-216,2.17 m,B-,–,1.3295,0.7385,2.068,{'Po-216': 1.0}
84,Polonium,Po-203,36.7 m,ECB+A,0.006,0.1672,1.6348,1.808,"{'Bi-203': 0.9989, 'Pb-199': 0.0011}"
84,Polonium,Po-204,3.53 h,ECA,0.0362,0.1839,1.165,1.385,"{'Bi-204': 0.9934, 'Pb-200': 0.0066}"
84,Polonium,Po-205,1.66 h,ECB+A,0.0021,0.066,1.5846,1.6527,"{'Bi-205': 0.999, 'Pb-201': 0.0004}"
84,Polonium,Po-206,8.8 d,ECA,0.2903,0.1655,1.1928,1.6486,"{'Bi-206': 0.9455, 'Pb-202': 0.0545}"
84,Polonium,Po-207,5.80 h,ECB+A,0.0011,0.049,1.2847,1.3347,"{'Bi-207': 0.99979, 'Pb-203': 0.00021}"
84,Polonium,Po-208,2.898 y,AEC,5.2154,<E-04,<E-04,5.2154,"{'Bi-208': 2.23e-05, 'Pb-204': 0.99998}"
84,Polonium,Po-209,102 y,AEC,4.9529,0.003,0.0063,4.9622,"{'Pb-205': 0.9952, 'Bi-209': 0.0048}"
84,Polonium,Po-210,138.376 d,A,5.4075,<E-04,<E-04,5.4075,{'Pb-206': 1.0}
84,Polonium,Po-211,0.516 s,A,7.586,0.0002,0.0082,7.5944,{'Pb-207': 1.0}
84,Polonium,Po-212,2.99E-7 s,A,8.9541,–,–,8.9541,{'Pb-208': 1.0}
84,Polonium,Po-212m,45.1 s,A,11.7755,0.0004,0.0792,11.8551,{'Pb-208': 0.9993}
84,Polonium,Po-213,4.2E-6 s,A,8.537,<E-04,<E-04,8.537,{'Pb-209': 1.0}
84,Polonium,Po-214,1.643E-4 s,A,7.8334,<E-04,<E-04,7.8335,{'Pb-210': 1.0}
84,Polonium,Po-215,1.781E-3 s,A,7.5261,<E-04,0.0002,7.5263,{'Pb-211': 1.0}
84,Polonium,Po-216,0.145 s,A,6.9064,<E-04,<E-04,6.9064,"{'Pb-212': 1.0, 'Pb-214': 0.9998, 'At-218': 0.0002}"
85,Astatine,At-204,9.2 m,ECB+A,0.2307,0.4485,2.3234,3.0025,"{'Po-204': 0.962, 'Bi-200': 0.038}"
85,Astatine,At-205,26.2 m,ECB+A,0.6021,0.2575,1.1444,2.0039,"{'Po-205': 0.9, 'Bi-201': 0.1}"
85,Astatine,At-206,30.6 m,ECB+A,0.0517,0.3324,2.4807,2.8647,"{'Po-206': 0.9911, 'Bi-202': 0.0089}"
85,Astatine,At-207,1.80 h,ECB+A,0.5049,0.1298,2.0136,2.6483,"{'Po-207': 0.914, 'Bi-203': 0.086}"
85,Astatine,At-208,1.63 h,ECB+A,0.0316,0.1598,3.0408,3.2322,"{'Po-208': 0.9945, 'Bi-204': 0.0055}"
85,Astatine,At-209,5.41 h,ECB+A,0.236,0.1172,2.2846,2.6378,"{'Po-209': 0.959, 'Bi-205': 0.041}"
85,Astatine,At-210,8.1 h,ECB+A,0.0097,0.0796,2.9622,3.0515,"{'Po-210': 0.99825, 'Bi-206': 0.00175}"
85,Astatine,At-211,7.214 h,ECA,2.4998,0.0059,0.0367,2.5424,"{'Po-211': 0.582, 'Bi-207': 0.418}"
85,Astatine,At-215,1.00E-4 s,A,8.1778,<E-04,0.0002,8.178,{'Bi-211': 1.0}
85,Astatine,At-216,3.00E-4 s,A,7.9407,0.0013,0.0025,7.9446,{'Bi-212': 1.0}
85,Astatine,At-217,3.23E-2 s,A,7.2008,<E-04,0.0002,7.2011,"{'Bi-213': 0.99988, 'Bi-214': 0.999, 'Rn-218': 0.001}"
85,Astatine,At-219,56 s,A,6.1343,–,–,6.1343,{'Bi-215': 0.97}
85,Astatine,At-220,3.71 m,B-A,0.4842,1.213,0.4497,2.1469,"{'Rn-220': 0.92, 'Bi-216': 0.08}"
86,Radon,Rn-207,9.25 m,ECB+A,1.3126,0.2197,0.9854,2.5177,"{'At-207': 0.79, 'Po-203': 0.21}"
86,Radon,Rn-209,28.5 m,ECB+A,1.0466,0.1167,1.1953,2.3586,"{'At-209': 0.83, 'Po-205': 0.17}"
86,Radon,Rn-210,2.4 h,AEC,5.9121,0.0091,0.061,5.9821,"{'Po-206': 0.96, 'At-210': 0.04}"
86,Radon,Rn-211,14.6 h,ECB+A,1.6205,0.0663,1.8727,3.5595,"{'At-211': 0.726, 'Po-207': 0.274}"
86,Radon,Rn-212,23.9 m,A,6.3847,<E-04,0.0003,6.385,{'Po-208': 1.0}
86,Radon,Rn-215,2.30 us,A,8.839,–,–,8.839,{'Po-211': 1.0}
86,Radon,Rn-216,4.5E-5 s,A,8.2,–,–,8.2,{'Po-212': 1.0}
86,Radon,Rn-217,5.40E-4 s,A,7.8856,–,–,7.8856,{'Po-213': 1.0}
86,Radon,Rn-218,3.5E-2 s,A,7.2618,<E-04,0.0008,7.2626,{'Po-214': 1.0}
86,Radon,Rn-219,3.96 s,A,6.8801,0.0068,0.0586,6.9456,{'Po-215': 1.0}
86,Radon,Rn-220,55.6 s,A,6.404,<E-04,0.0006,6.4047,{'Po-216': 1.0}
86,Radon,Rn-222,3.8235 d,A,5.5899,<E-04,0.0004,5.5903,{'Po-218': 1.0}
86,Radon,Rn-223,24.3 m,B-,–,0.6282,0.3444,0.9726,{'Fr-223': 1.0}
87,Francium,Fr-212,20.0 m,ECB+A,2.7731,0.1294,1.1415,4.044,"{'Rn-212': 0.57, 'At-208': 0.43}"
87,Francium,Fr-219,2.0E-2 s,A,7.4437,0.0004,0.0036,7.4477,"{'At-215': 1.0, 'At-216': 0.9965, 'Ra-220': 0.0035}"
87,Francium,Fr-221,4.9 m,A,6.4199,0.0089,0.0294,6.4582,{'At-217': 1.0}
87,Francium,Fr-222,14.2 m,B-,–,0.7145,0.1806,0.8951,{'Ra-222': 1.0}
87,Francium,Fr-223,22.00 m,B-A,0.0003,0.3829,0.0583,0.4415,"{'Ra-223': 1.0, 'At-219': 6e-05}"
87,Francium,Fr-224,3.33 m,B-,–,0.8751,0.5523,1.4274,{'Ra-224': 1.0}
87,Francium,Fr-227,2.47 m,B-,–,0.7967,0.4499,1.2466,{'Ra-227': 1.0}
88,Radium,Ra-219,10 ms,A,7.9071,0.06,0.1702,8.1372,{'Rn-215': 1.0}
88,Radium,Ra-220,1.79E-2 s,A,7.5904,0.0002,0.0047,7.5952,{'Rn-216': 1.0}
88,Radium,Ra-221,28 s,A,6.7915,0.069,0.039,6.8995,{'Rn-217': 1.0}
88,Radium,Ra-222,38.0 s,A,6.671,0.0009,0.0092,6.6811,{'Rn-218': 1.0}
88,Radium,Ra-223,11.43 d,A,5.7702,0.0781,0.1413,5.9895,{'Rn-219': 1.0}
88,Radium,Ra-224,3.66 d,A,5.7766,0.0023,0.0104,5.7893,{'Rn-220': 1.0}
88,Radium,Ra-225,14.9 d,B-,–,0.105,0.0145,0.1194,{'Ac-225': 1.0}
88,Radium,Ra-226,1600 y,A,4.8603,0.0039,0.0074,4.8716,{'Rn-222': 1.0}
88,Radium,Ra-227,42.2 m,B-,–,0.4511,0.1508,0.6019,{'Ac-227': 1.0}
88,Radium,Ra-228,5.75 y,B-,–,0.0132,0.0031,0.0163,{'Ac-228': 1.0}
88,Radium,Ra-230,93 m,B-,–,0.2201,0.0794,0.2995,{'Ac-230': 1.0}
89,Actinium,Ac-223,2.10 m,A,6.6721,0.0254,0.019,6.7165,{'Fr-219': 0.99}
89,Actinium,Ac-224,2.78 h,ECA,0.5662,0.049,0.2325,0.8477,"{'Ra-224': 0.909, 'Fr-220': 0.091}"
89,Actinium,Ac-225,10.0 d,A,5.892,0.0248,0.0171,5.9338,{'Fr-221': 1.0}
89,Actinium,Ac-226,29.37 h,B-ECA,0.0003,0.2914,0.1327,0.4245,"{'Th-226': 0.83, 'Ra-226': 0.17, 'Fr-222': 6e-05}"
89,Actinium,Ac-227,21.772 y,B-A,0.0693,0.015,0.0011,0.0853,"{'Th-227': 0.9862, 'Fr-223': 0.0138}"
89,Actinium,Ac-228,6.15 h,B-,–,0.4495,0.8671,1.3166,{'Th-228': 1.0}
89,Actinium,Ac-230,122 s,B-,–,0.9229,0.544,1.4668,{'Th-230': 1.0}
89,Actinium,Ac-231,7.5 m,B-,–,0.6361,0.419,1.055,{'Th-231': 1.0}
89,Actinium,Ac-232,119 s,B-,–,0.9707,1.1528,2.1235,{'Th-232': 1.0}
89,Actinium,Ac-233,145 s,B-,–,0.8355,0.4993,1.3348,{'Th-233': 1.0}
90,Thorium,Th-223,0.60 s,A,7.4134,0.0575,0.0754,7.5463,{'Ra-219': 1.0}
90,Thorium,Th-224,1.05 s,A,7.2635,0.0129,0.0232,7.2996,{'Ra-220': 1.0}
90,Thorium,Th-226,30.57 m,A,6.4219,0.0211,0.0089,6.4519,{'Ra-222': 1.0}
90,Thorium,Th-227,18.68 d,A,5.9883,0.0755,0.1317,6.1955,{'Ra-223': 1.0}
90,Thorium,Th-228,1.9116 y,A,5.4956,0.021,0.0036,5.5202,{'Ra-224': 1.0}
90,Thorium,Th-229,7.34E+3 y,A,4.9584,0.1217,0.0971,5.1772,{'Ra-225': 1.0}
90,Thorium,Th-230,7.538E+4 y,A,4.7538,0.0146,0.0018,4.7702,{'Ra-226': 1.0}
90,Thorium,Th-231,25.52 h,B-,–,0.1622,0.0269,0.1891,{'Pa-231': 1.0}
90,Thorium,Th-232,1.405E10 y,A,4.0688,0.0126,0.0015,4.0829,{'Ra-228': 1.0}
90,Thorium,Th-233,22.3 m,B-,–,0.414,0.0375,0.4515,{'Pa-233': 1.0}
90,Thorium,Th-234,24.10 d,B-,–,0.0622,0.0105,0.0728,{'Pa-234m': 1.0}
90,Thorium,Th-235,7.1 m,B-,–,0.6713,0.0537,0.7251,{'Pa-235': 1.0}
90,Thorium,Th-236,37.5 m,B-,–,0.3671,0.0346,0.4017,{'Pa-236': 1.0}
91,Protactinium,Pa-227,38.3 m,AEC,5.565,0.0226,0.0234,5.611,"{'Ac-223': 0.85, 'Th-227': 0.15}"
91,Protactinium,Pa-228,22 h,ECB+A,0.1217,0.132,1.3694,1.623,"{'Th-228': 0.98, 'Ac-224': 0.02}"
91,Protactinium,Pa-229,1.50 d,ECA,0.0274,0.0131,0.0666,0.1071,"{'Th-229': 0.9952, 'Ac-225': 0.0048}"
91,Protactinium,Pa-230,17.4 d,ECB-A,0.0002,0.0668,0.6708,0.7377,"{'Th-230': 0.916, 'U-230': 0.084, 'Ac-226': 3.2e-05}"
91,Protactinium,Pa-231,3.276E+4 y,A,5.0592,0.0538,0.045,5.158,{'Ac-227': 1.0}
91,Protactinium,Pa-232,1.31 d,B-EC,–,0.1738,0.9393,1.1131,"{'U-232': 1.0, 'Th-232': 3e-05}"
91,Protactinium,Pa-233,26.967 d,B-,–,0.2151,0.2229,0.438,{'U-233': 1.0}
91,Protactinium,Pa-234,6.70 h,B-,–,0.4037,1.4718,1.8755,{'U-234': 1.0}
91,Protactinium,Pa-234m,1.17 m,B-IT,–,0.8171,0.0162,0.8334,"{'U-234': 0.9984, 'Pa-234': 0.0016}"
91,Protactinium,Pa-235,24.5 m,B-,–,0.4886,0.0008,0.4894,"{'U-235m': 0.9999, 'U-235': 0.00010109}"
91,Protactinium,Pa-236,9.1 m,B-,–,0.8049,0.9148,1.7197,{'U-236': 1.0}
91,Protactinium,Pa-237,8.7 m,B-,–,0.578,0.6095,1.1875,{'U-237': 1.0}
92,Uranium,U-227,1.1 m,A,6.9984,0.096,0.1199,7.2143,{'Th-223': 1.0}
92,Uranium,U-228,9.1 m,A,6.6046,0.0231,0.0056,6.6333,{'Th-224': 0.975}
92,Uranium,U-230,20.8 d,A,5.9681,0.0216,0.0032,5.9929,{'Th-226': 1.0}
92,Uranium,U-231,4.2 d,ECA,0.0002,0.0847,0.0896,0.1745,"{'Pa-231': 1.0, 'Th-227': 4e-05}"
92,Uranium,U-232,68.9 y,A,5.3948,0.0164,0.0023,5.4135,{'Th-228': 1.0}
92,Uranium,U-233,1.592E+5 y,A,4.9013,0.0059,0.0013,4.9085,{'Th-229': 1.0}
92,Uranium,U-234,2.455E+5 y,A,4.843,0.0137,0.002,4.8587,{'Th-230': 1.0}
92,Uranium,U-235,7.04E+8 y,A,4.4693,0.053,0.1669,4.6891,{'Th-231': 1.0}
92,Uranium,U-235m,26 m,IT,–,<E-04,<E-04,<E-04,{'U-235': 1.0}
92,Uranium,U-236,2.342E+7 y,A,4.5592,0.0114,0.0018,4.5723,{'Th-232': 1.0}
92,Uranium,U-237,6.75 d,B-,–,0.1991,0.1442,0.3433,{'Np-237': 1.0}
92,Uranium,U-238,4.468E+9 y,ASF,4.2584,0.0092,0.0014,4.2691,"{'Th-234': 1.0, 'SF': 5.45e-07}"
92,Uranium,U-239,23.45 m,B-,–,0.4108,0.0519,0.4626,{'Np-239': 1.0}
92,Uranium,U-240,14.1 h,B-,–,0.1276,0.0099,0.1374,{'Np-240m': 1.0}
92,Uranium,U-242,16.8 m,B-,–,0.3859,0.0413,0.4272,{'Np-242': 1.0}
93,Neptunium,Np-232,14.7 m,ECB+,–,0.1073,1.1969,1.3042,{'U-232': 1.0}
93,Neptunium,Np-233,36.2 m,ECA,<E-04,0.0144,0.0911,0.1055,"{'U-233': 1.0, 'Pa-229': 1e-05}"
93,Neptunium,Np-234,4.4 d,ECB+,–,0.0574,1.1086,1.166,{'U-234': 1.0}
93,Neptunium,Np-235,396.1 d,ECA,0.0001,0.0105,0.0071,0.0178,"{'U-235': 0.99598, 'U-235m': 0.0039933, 'Pa-231': 2.6e-05}"
93,Neptunium,Np-236,1.54E+5 y,ECB-A,0.0074,0.2372,0.1594,0.4039,"{'U-236': 0.873, 'Pu-236': 0.125, 'Pa-232': 0.0016}"
93,Neptunium,Np-236m,22.5 h,ECB-,–,0.088,0.0507,0.1387,"{'U-236': 0.52, 'Pu-236': 0.48}"
93,Neptunium,Np-237,2.144E+6 y,A,4.8499,0.0681,0.035,4.9529,{'Pa-233': 1.0}
93,Neptunium,Np-238,2.117 d,B-,–,0.2519,0.5879,0.8398,{'Pu-238': 1.0}
93,Neptunium,Np-239,2.3565 d,B-,–,0.2623,0.1846,0.4469,{'Pu-239': 1.0}
93,Neptunium,Np-240,61.9 m,B-,–,0.5095,1.0538,1.5632,{'Pu-240': 1.0}
93,Neptunium,Np-240m,7.22 m,B-IT,–,0.6779,0.3225,1.0004,"{'Pu-240': 0.9989, 'Np-240': 0.0011}"
93,Neptunium,Np-241,13.9 m,B-,–,0.4341,0.0395,0.4736,{'Pu-241': 1.0}
93,Neptunium,Np-242,2.2 m,B-,–,0.9027,0.2654,1.1681,{'Pu-242': 1.0}
93,Neptunium,Np-242m,5.5 m,B-,–,0.7551,0.9194,1.6744,{'Pu-242': 1.0}
94,Plutonium,Pu-232,33.7 m,ECA,1.5402,0.0087,0.0633,1.6122,"{'Np-232': 0.77, 'U-228': 0.23}"
94,Plutonium,Pu-234,8.8 h,ECA,0.3776,0.0114,0.0693,0.4583,"{'Np-234': 0.94, 'U-230': 0.06}"
94,Plutonium,Pu-235,25.3 m,ECA,0.0002,0.0228,0.0957,0.1187,"{'Np-235': 0.99997, 'U-231': 2.7e-05}"
94,Plutonium,Pu-236,2.858 y,ASF,5.8524,0.0128,0.0022,5.8674,"{'U-232': 1.0, 'SF': 1.37e-09}"
94,Plutonium,Pu-237,45.2 d,ECA,0.0002,0.0171,0.0537,0.071,"{'Np-237': 1.0, 'U-233': 4.2e-05}"
94,Plutonium,Pu-238,87.7 y,ASF,5.5803,0.0107,0.0021,5.593,"{'U-234': 1.0, 'SF': 1.85e-09}"
94,Plutonium,Pu-239,2.411E+4 y,A,5.2357,0.0075,0.0011,5.2442,"{'U-235m': 0.9994, 'U-235': 0.0006}"
94,Plutonium,Pu-240,6564 y,ASF,5.2434,0.0105,0.0019,5.2559,"{'U-236': 1.0, 'SF': 5.75e-08}"
94,Plutonium,Pu-241,14.35 y,B-A,0.0001,0.0052,<E-04,0.0054,"{'Am-241': 0.99998, 'U-237': 2.45e-05}"
94,Plutonium,Pu-242,3.75E+5 y,ASF,4.9738,0.009,0.0017,4.9855,"{'U-238': 1.0, 'SF': 5.54e-06}"
94,Plutonium,Pu-243,4.956 h,B-,–,0.1729,0.0259,0.1988,{'Am-243': 1.0}
94,Plutonium,Pu-244,8.00E+7 y,ASF,4.6513,0.0197,0.0211,4.9094,"{'U-240': 0.99879, 'SF': 0.00121}"
94,Plutonium,Pu-245,10.5 h,B-,–,0.319,0.4027,0.7217,{'Am-245': 1.0}
94,Plutonium,Pu-246,10.84 d,B-,–,0.1159,0.1431,0.259,{'Am-246m': 1.0}
95,Americium,Am-237,73.0 m,ECA,0.0015,0.0802,0.3714,0.4531,"{'Pu-237': 0.99975, 'Np-233': 0.00025}"
95,Americium,Am-238,98 m,ECB+A,<E-04,0.0485,0.9023,0.9509,"{'Pu-238': 1.0, 'Np-234': 1e-06}"
95,Americium,Am-239,11.9 h,ECA,0.0006,0.1709,0.2436,0.415,"{'Pu-239': 0.9999, 'Np-235': 0.0001}"
95,Americium,Am-240,50.8 h,ECA,<E-04,0.0758,1.0355,1.1112,"{'Pu-240': 1.0, 'Np-236': 1.9e-06}"
95,Americium,Am-241,432.2 y,A,5.5712,0.0373,0.0293,5.6379,{'Np-237': 1.0}
95,Americium,Am-242,16.02 h,B-EC,–,0.1806,0.0188,0.1994,"{'Cm-242': 0.827, 'Pu-242': 0.173}"
95,Americium,Am-242m,141 y,ITA,0.0238,0.0439,0.0056,0.0734,"{'Am-242': 0.9955, 'Np-238': 0.0045}"
95,Americium,Am-243,7.37E+3 y,A,5.3583,0.0234,0.0585,5.4402,{'Np-239': 1.0}
95,Americium,Am-244,10.1 h,B-,–,0.333,0.8052,1.1382,{'Cm-244': 1.0}
95,Americium,Am-244m,26 m,B-,–,0.5187,0.0172,0.5359,{'Cm-244': 0.9996}
95,Americium,Am-245,2.05 h,B-,–,0.2874,0.0324,0.3198,{'Cm-245': 1.0}
95,Americium,Am-246,39 m,B-,–,0.7241,0.7498,1.4739,{'Cm-246': 1.0}
95,Americium,Am-246m,25.0 m,B-,–,0.5033,0.9799,1.4832,{'Cm-246': 1.0}
95,Americium,Am-247,23.0 m,B-,–,0.5683,0.1348,0.7031,{'Cm-247': 1.0}
96,Curium,Cm-238,2.4 h,ECA,0.2537,0.0117,0.0829,0.3482,"{'Am-238': 0.9616, 'Pu-234': 0.0384}"
96,Curium,Cm-239,2.9 h,ECB+,–,0.0291,0.2593,0.2883,{'Am-239': 1.0}
96,Curium,Cm-240,27 d,ASF,6.365,0.0108,0.0022,6.3781,"{'Pu-236': 0.997, 'SF': 3.9e-08}"
96,Curium,Cm-241,32.8 d,ECA,0.0603,0.1342,0.5034,0.6979,"{'Am-241': 0.99, 'Pu-237': 0.01}"
96,Curium,Cm-242,162.8 d,ASF,6.2041,0.0096,0.002,6.2156,"{'Pu-238': 1.0, 'SF': 6.37e-08}"
96,Curium,Cm-243,29.1 y,AEC,5.8929,0.1342,0.1353,6.1624,"{'Pu-239': 0.9976, 'Am-243': 0.0024}"
96,Curium,Cm-244,18.10 y,ASF,5.8915,0.0079,0.0017,5.9014,"{'Pu-240': 1.0, 'SF': 1.371e-06}"
96,Curium,Cm-245,8.5E+3 y,ASF,5.4474,0.0824,0.1084,5.6382,"{'Pu-241': 1.0, 'SF': 6.1e-09}"
96,Curium,Cm-246,4.76E+3 y,ASF,5.4654,0.0085,0.005,5.5285,"{'Pu-242': 0.99974, 'SF': 0.000263}"
96,Curium,Cm-247,1.56E+7 y,A,5.0292,0.0114,0.3138,5.3544,{'Pu-243': 1.0}
96,Curium,Cm-248,3.48E+5 y,ASF,4.7212,0.7716,1.3127,22.5608,"{'Pu-244': 0.9161, 'SF': 0.0839}"
96,Curium,Cm-249,64.15 m,B-,–,0.2835,0.02,0.3035,{'Bk-249': 1.0}
96,Curium,Cm-250,8300 y,AB-SF,0.9283,8.427,13.3167,161.287,"{'Pu-246': 0.18, 'Bk-250': 0.08, 'SF': 0.74}"
96,Curium,Cm-251,16.8 m,B-,–,0.4545,0.1112,0.5657,{'Bk-251': 1.0}
97,Berkelium,Bk-245,4.94 d,ECA,0.0075,0.1326,0.2352,0.3752,"{'Cm-245': 0.9988, 'Am-241': 0.0012}"
97,Berkelium,Bk-246,1.80 d,EC,–,0.0554,0.8546,0.9101,{'Cm-246': 1.0}
97,Berkelium,Bk-247,1.38E+3 y,A,5.7031,0.0691,0.1468,5.919,{'Am-243': 1.0}
97,Berkelium,Bk-248m,23.7 h,B-EC,–,0.191,0.0559,0.247,"{'Cf-248': 0.7, 'Cm-248': 0.3}"
97,Berkelium,Bk-249,330 d,B-A,<E-04,0.0324,<E-04,0.0325,"{'Cf-249': 1.0, 'Am-245': 1.45e-05}"
97,Berkelium,Bk-250,3.212 h,B-,–,0.2949,0.8983,1.1932,{'Cf-250': 1.0}
97,Berkelium,Bk-251,55.6 m,B-,–,0.3693,0.0915,0.4608,{'Cf-251': 1.0}
98,Californium,Cf-244,19.4 m,A,7.3196,0.0075,0.002,7.3291,{'Cm-240': 1.0}
98,Californium,Cf-246,35.7 h,ASF,6.8527,0.006,0.0014,6.8606,"{'Cm-242': 1.0, 'SF': 2.5e-06}"
98,Californium,Cf-247,3.11 h,ECA,0.0022,0.0463,0.105,0.1536,"{'Bk-247': 0.99965, 'Cm-243': 0.00035}"
98,Californium,Cf-248,334 d,ASF,6.3518,0.0075,0.002,6.367,"{'Cm-244': 0.99997, 'SF': 2.9e-05}"
98,Californium,Cf-249,351 y,ASF,5.9262,0.0399,0.3282,6.2944,"{'Cm-245': 1.0, 'SF': 5.02e-09}"
98,Californium,Cf-250,13.08 y,ASF,6.1168,0.0103,0.0111,6.2897,"{'Cm-246': 0.99923, 'SF': 0.00077}"
98,Californium,Cf-251,900 y,A,5.8803,0.1705,0.1245,6.1754,{'Cm-247': 1.0}
98,Californium,Cf-252,2.645 y,ASF,6.0177,0.2516,0.4572,12.8107,"{'Cm-248': 0.96908, 'SF': 0.03092}"
98,Californium,Cf-253,17.81 d,B-A,0.0188,0.0908,0.0048,0.1144,"{'Es-253': 0.9969, 'Cm-249': 0.0031}"
98,Californium,Cf-254,60.5 d,ASF,0.0183,10.0442,16.8399,222.89,"{'Cm-250': 0.0031, 'SF': 0.9969}"
98,Californium,Cf-255,85 m,B-,–,0.2178,–,0.2178,{'Es-255': 1.0}
99,Einsteinium,Es-249,102.2 m,ECB+A,0.0392,0.0437,0.4129,0.4958,"{'Cf-249': 0.9943, 'Bk-245': 0.0057}"
99,Einsteinium,Es-250,8.6 h,EC,–,0.3281,1.2235,1.5516,{'Cf-250': 0.985}
99,Einsteinium,Es-250m,2.22 h,ECB+,–,0.0343,0.5549,0.5892,{'Cf-250': 1.0}
99,Einsteinium,Es-251,33 h,ECA,0.0329,0.0522,0.1016,0.1868,"{'Cf-251': 0.995, 'Bk-247': 0.005}"
99,Einsteinium,Es-253,20.47 d,ASF,6.7335,0.0022,0.0008,6.7366,"{'Bk-249': 1.0, 'SF': 8.9e-08}"
99,Einsteinium,Es-254m,39.3 h,B-AECSF,0.0208,0.2408,0.4757,0.8269,"{'Fm-254': 0.98, 'Bk-250': 0.0032, 'Cf-254': 0.00076, 'SF': 0.00045}"
99,Einsteinium,Es-255,39.8 d,B-ASF,0.5117,0.0737,0.0007,0.595,"{'Fm-255': 0.92, 'Bk-251': 0.08, 'SF': 4.5e-05}"
99,Einsteinium,Es-256,25.4 m,B-,–,0.5822,0.0032,0.5854,{'Fm-256': 1.0}
100,Fermium,Fm-251,5.30 h,ECB+A,0.1252,0.0337,0.1588,0.3176,"{'Es-251': 0.982, 'Cf-247': 0.018}"
100,Fermium,Fm-252,25.39 h,ASF,7.1449,0.0064,0.0018,7.1578,"{'Cf-248': 0.99998, 'SF': 2.3e-05}"
100,Fermium,Fm-253,3.00 d,ECA,0.8352,0.1084,0.0713,1.015,"{'Es-253': 0.88, 'Cf-249': 0.12}"
100,Fermium,Fm-254,3.240 h,ASF,7.2956,0.0095,0.0086,7.4339,"{'Cf-250': 0.99941, 'SF': 0.000592}"
100,Fermium,Fm-255,20.07 h,ASF,7.1292,0.0954,0.017,7.2417,"{'Cf-251': 1.0, 'SF': 2.3e-07}"
100,Fermium,Fm-256,157.6 m,ASF,0.5686,6.3116,12.4371,205.496,"{'Cf-252': 0.081, 'SF': 0.919}"
100,Fermium,Fm-257,100.5 d,ASF,6.6154,0.1471,0.1521,7.3388,"{'Cf-253': 0.9979, 'SF': 0.0021}"
